store_id,store_name,store_description,category,address,phone,email,opening_hours,irregular_closures,reservations,wifi_available,parking,private_room,Biz_Entertainment_Available,pets_allowed,halal_info,vegan_info,gluten_free_info,allergy_info,menu,seasonal_items,store_exclusive_events,accessibility,nursing_room,kids_info,restroom_info,access_route,target_audience,extraction_status,error_message
STR-0001,麻布台ヒルズマーケット,麻布台ヒルズの中心に位置する、日本の豊かな食文化を伝えることをコンセプトとした33の専門店が集まる複合型マーケット。日常の定番品から特別な高級品まで、生鮮食品（青果・精肉・鮮魚）、半調理品、惣菜、ワイン・日本酒、パン・スイーツ、生花など、幅広い商品を取り揃え、日々の食卓を彩る。また、Azabudai Hills Market Labの活動を通じて、専門店と共に食卓を豊かにする試行錯誤を行い、体験型ショップの企画やウェルネス・環境への取り組みを推進している。,麻布台ヒルズ マーケット,東京都港区麻布台1丁目 麻布台ヒルズ ガーデンプラザC 1F・B1F,03-5544-9636,,"{""weekday"": ""10:00-20:00"", ""weekend"": ""10:00-20:00"", ""holiday"": ""10:00-20:00"", ""note"": ""一部店舗により営業時間が異なります""}",,,,"{""available"": true, ""capacity"": null, ""fee"": null, ""note"": ""駐車料金割引サービスあり。直結駐車場情報は公式サイト参照""}",,TRUE,一部店舗でペット同伴可能,,ビーガン対応商品あり,,アレルギー対応可能（一部店舗）,,,Azabudai Hills Market Lab ワークショップ、POP UPショップ、ホームパーティー＆ギフトセレクション、テイクアウトメニュー,,"{""available"": false, ""equipment"": [], ""floor"": null}","{""kids_menu"": true, ""baby_chair"": true, ""kids_space"": null, ""stroller_allowed"": true, ""preschool_allowed"": true}",,麻布台ヒルズ ガーデンプラザC 1F・B1F,,success,
STR-0002,FREUDE by BMW,BMW LUXURYの世界を体現するブランド・ストア。世界的に希少価値が高いBMWモデルの展示や最新モデルの試乗体験、日本とドイツの食文化を融合させたカフェ・バーも併設。BMWのクラフトマン・シップを体感できる特別なアトリエのほか、BMWブランドの世界観に合ったインテリアやアートを展示したエクスクルーシブ・ラウンジ、完全予約制となる日本料理レストランも楽しめる。洗練された空間の中で、BMWが表現する多様なライフスタイルの世界観を体験できる、感性を同じくする人が集う場所。,"ファッション雑貨,アート,イベントスペース,その他",東京都港区麻布台1丁目3-1 麻布台ヒルズ タワープラザ1F/2F,03-3271-7460,,"{""weekday"": ""11:00-22:00"", ""weekend"": ""11:00-22:00"", ""holiday"": ""11:00-22:00"", ""note"": ""営業時間は変更する場合があります。詳細はSNSをご確認ください。電話受付時間：11:00-20:00""}","[""不定休""]",試乗体験「ふらっとTRIP with BMW」は予約可能。試乗受付時間：11:00-19:00。日本料理レストラン「無題」は完全予約制。,,"{""available"": null, ""capacity"": null, ""fee"": null, ""note"": ""麻布台ヒルズの駐車場を利用可能と思われるが、詳細は記載なし""}",,TRUE,,,,,,,,BMW iX5 Hydrogenの展示記念イベント「FREUDE H2 QUIZ RALLY」（10月1日～11月10日）、BMW X5 / X6 Edition Shadow ローンチ記念プレゼントキャンペーン with ALCANTARA®（9月17日～10月19日）、BMW BELIEVESとしてクラシック音楽やゴルフ、モータースポーツなどのさまざまな活動を支援するイベントを開催,,"{""available"": false, ""equipment"": [], ""floor"": null}",,,東京メトロ南北線『六本木一丁目駅』4番出口より徒歩2分、東京メトロ日比谷線『神谷町駅』5番出口より直結、東京メトロ日比谷線『六本木駅』3番出口より徒歩10分、都営大江戸線『六本木駅』5番出口より徒歩10分、都営大江戸線『麻布十番駅』6番出口より徒歩10分、東京メトロ南北線『麻布十番駅』3番出口より徒歩11分、都営三田線『御成門駅』A6出口より徒歩11分。麻布台ヒルズ タワープラザ内。,,success,
STR-0003,千疋屋,麻布台ヒルズのガーデンプラザB地下1階に位置する千疋屋総本店のフルーツパーラー。創業以来の伝統を持つ高級フルーツ専門店が展開するカフェで、厳選された高品質なフルーツを使用したパフェやフルーツサンドイッチなどを提供。季節限定メニューも充実しており、ストロベリーパフェや渋川栗のパルフェなど、旬のフルーツを贅沢に使用したメニューが人気。平日でも外国人観光客を含む多くの客で賑わう、ゆったりとした高級感のある雰囲気の店舗。,"カフェ,手土産・スイーツ",東京都港区虎ノ門5-9-1 麻布台ヒルズガーデンプラザB B1F,03-6809-1192,,"{""weekday"": ""11:00-20:00"", ""weekend"": ""11:00-20:00"", ""holiday"": ""11:00-20:00"", ""note"": ""フルーツパーラーのみ。毎週火曜日11:00-17:30（ラストオーダー17:00）""}",,予約不可,,"{""available"": true, ""capacity"": null, ""fee"": null, ""note"": null}",,,,,,,,"[""夜パフェ 苺"", ""ストロベリーとル・レクチェのパフェ"", ""国産渋皮栗のパルフェ"", ""フルーツサンドイッチ"", ""フルーツサラダ"", ""ハッシュドビーフ"", ""ショートケーキ"", ""マスクメロンのパフェ"", ""マンゴーのパフェ"", ""フルーツポンチ""]","[""ストロベリーとル・レクチェのパフェ（季節限定）"", ""国産渋皮栗のパルフェ（10月頃の季節限定）"", ""夜パフェ 苺（16時から提供）""]",毎週火曜日限定で完全予約制のオーダーフルーツバイキングを開催,,,,,神谷町駅から徒歩224m。麻布台ヒルズガーデンプラザB地下1階。チームラボの目の前に位置。,,success,
STR-0004,大垣書店,麻布台ヒルズ タワープラザ4Fに位置する大垣書店の店舗。ギャラリー「NEUTRAL azabudai」とカフェ「SLow Page」を併設した書店。,ライフスタイル,〒106-0041 東京都港区麻布台1-3-1 麻布台ヒルズ タワープラザ4F,03-5570-1700,,"{""weekday"": ""11:00-20:00"", ""weekend"": ""11:00-20:00"", ""holiday"": ""11:00-20:00"", ""note"": ""平日・土曜11:00-20:00、日曜・祝日11:00-20:00""}",,,,"{""available"": null, ""capacity"": null, ""fee"": null, ""note"": null}",,,,,,,,,,限定購入特典付き書籍販売、ART SELECTION -アートセレクション展-（11/1～11/30開催）などのギャラリーイベント,,"{""available"": false, ""equipment"": [], ""floor"": null}",,,東京メトロ南北線『六本木一丁目駅』2番出口 徒歩4分、東京メトロ日比谷線『神谷町駅』5番出口 直結,,success,
STR-0005,麺尊RAGE,軍鶏と醤油にこだわったラーメン専門店。西荻窪本店で提供されている「軍鶏そば」は8年連続でミシュラン・ビブグルマンに選出。麻布台ヒルズ店では「より軍鶏を楽しんでいただきたい」という想いから、スープの出汁だけでなく通常ではなかなか味わうことのできない軍鶏肉をトッピングし、軍鶏に特化した新しい軍鶏そば「ネオ軍鶏そば」を麻布台ヒルズ店限定で提供。脂肪分が少なくスッキリとした肉の旨味が濃い軍鶏スープに香り豊かな生揚げ醤油を合わせたラーメン。全国から厳選した食材を使った限定メニューも提供。女性やお子さま連れのお客様も利用しやすい内装で、お子さま専用メニューも用意。モダンでスタイリッシュな店内で、壁にはアートがあり、照明や内装もきちんと設計されている。,ラーメン専門店,東京都港区虎ノ門5-10-7 麻布台ヒルズガーデンプラザD B1F,03-6452-9600,,"{""weekday"": ""11:00-22:00"", ""weekend"": ""11:00-22:00"", ""holiday"": ""11:00-22:00"", ""note"": ""ラストオーダー21:30""}",,予約可。予約可能な時間帯は11時〜16時。テーブルチェックでの予約のみで、電話やDM等での予約は受け付けていない。,,"{""available"": false, ""capacity"": null, ""fee"": null, ""note"": null}",,,,,ヴィーガンメニューあり。店内券売機にて確認可能。ベジタリアンメニューあり。,,アレルギー表示あり,"[""軍鶏そば"", ""ネオ軍鶏そば（麻布台ヒルズ店限定）"", ""ネオ特製軍鶏そば"", ""味玉軍鶏そば"", ""煮干しそば"", ""まぜそば"", ""油そば"", ""カレー"", ""お子さま専用メニュー""]","[""全国から厳選した食材を使った限定メニュー""]",,全席禁煙。ベビーカー入店可。,"{""available"": false, ""equipment"": [], ""floor"": null}","{""kids_menu"": true, ""baby_chair"": true, ""kids_space"": false, ""note"": ""子供可、お子様メニューあり、ベビーカー入店可、子ども椅子と取り分け皿あり""}",,東京メトロ日比谷線 神谷町駅 5番出口 直結。神谷町駅から224m。地下鉄日比谷線の改札と同じフロアのレストラン街の奥に位置。,,success,
STR-0006,紅茶専門店TEAPOND,麻布台ヒルズ ガーデンプラザC B1Fに位置する日本発の紅茶専門店。紅茶の茶葉やティーバッグの販売とテイクアウトがあり、テイクアウトした場合は隣接しているテラスを利用できる。マンゴーヴォヤージュやチョコレートスィングなど多彩なフレーバーティーを提供し、特にミルクティーのティーバッグが人気。,"麻布台ヒルズ マーケット,お茶・珈琲・紅茶販売,ドリンクスタンド",東京都港区麻布台1-2-4 麻布台ヒルズ ガーデンプラザC B1F,03-5544-9939,,"{""weekday"": null, ""weekend"": null, ""holiday"": null, ""note"": null}",,予約不可,,"{""available"": true, ""capacity"": null, ""fee"": null, ""note"": null}",,,,,,,,"[""ティーバッグセレクション 箱入り 24個 ¥3,600"", ""マンゴーヴォヤージュ ¥1,404"", ""チョコレートスィング ¥1,404"", ""EARL GREY ROYAL MILK"", ""LEMON GRASS""]",,2025年10月25日より一部商品価格改定。10月24日19時～10月25日12時頃まで該当商品ページのメンテナンス実施。,,"{""available"": false, ""equipment"": [], ""floor"": null}","{""note"": ""テイクアウトのみ""}",,神谷町駅から299m。麻布台ヒルズ ガーデンプラザC B1F。,,success,
STR-0007,ミニマル,麻布台ヒルズのガーデンプラザAのルーフトップに佇む、体験型チョコレート専門店。世界に日本のチョコレート文化を発信する場を目指し、カカオやチョコレートを堪能できるコースやアフタヌーンティーを提供。産地や製法違いで異なる味わいの食べ比べや季節に合わせたメニュー、厳選した日本の職人が造るお酒やお茶、カカオ酒などのペアリングも楽しめる。茶室のようなしつらえの6席のカウンターを備えた落ち着いた雰囲気の隠れ家空間で、スタッフがチョコレートの楽しみ方やその歴史などをライブ感を持って伝える。ギフトショップとしてお買い物も可能。,"カフェ,手土産・スイーツ",〒105-0001 東京都港区虎ノ門5-8-1 麻布台ヒルズ ガーデンプラザA 2F,050-1809-0420,,"{""weekday"": ""11:00-19:00"", ""weekend"": ""11:00-19:00"", ""holiday"": ""11:00-19:00"", ""note"": ""L.O.18:00（イートイン）、L.O.18:30（コース）""}","[""定休日なし""]",予約可。毎月1日に翌月分の予約受付を開始。イートインのご予約はTableCheckから可能。,,"{""available"": true, ""capacity"": null, ""fee"": null, ""note"": ""麻布台ヒルズ内パーキングあり""}","{""available"": false}",,,,,,アレルギー表示あり、カロリー表示あり,"[""Minimalチョコレートアフタヌーンティー vol.7（12品）7,900円"", ""カカオ・チョコレートのデザートコース（7品）7,900円（アルコール/ノンアルコール）"", ""ザ・シングルオリジン（ボンボンショコラ）3,980円"", ""チョコレートクッキー缶（5種詰め合わせ）5,990円"", ""フィナンシェ2種詰め合わせセット 3,950円"", ""ミニマルバウム 2,480円"", ""生ガトーショコラ -PRIME- 4,490円"", ""ガトーショコラ ソフト -金蜜芋- 3,990円"", ""ガトーショコラ ソフト -レモン- 3,990円"", ""ガトーショコラ ソフト -5種の甘納豆- 3,990円"", ""チョコレートサンドクッキー 4種（8粒入）2,790円"", ""ディアマンショコラ 930円"", ""板チョコレート NUTTY 1,690円"", ""板チョコレート FRUITY 1,690円"", ""板チョコレート 'Arhuaco 1,880円"", ""板チョコレート HIGH CACAO 1,580円"", ""緑茶チョコレート 1,728円"", ""焙じ茶チョコレート 1,728円"", ""7DAYS CHOCOLATE（14枚入）3,640円"", ""Minimal WORKS：THE Single Origin 6,450円""]","[""10～11月限定：和栗のモンブラングラスパフェを中心としたアフタヌーンティー"", ""10～11月限定：和栗やさつま芋を使用したデザートコース"", ""季節限定：ガトーショコラ ソフト -金蜜芋-"", ""SEASONAL ペルー75% 1,790円"", ""SEASONAL ベネズエラ80% 1,790円""]",毎月1日に翌月分の予約受付を開始。10・11月のご予約受付中。,バリアフリー、車椅子で入店可,"{""available"": false, ""equipment"": [], ""floor"": null}","{""note"": ""ベビーカーや未就学児のお子様の店内ご利用はご遠慮。小学生以上のお子様は1名様分のご予約が必要。""}",,東京メトロ日比谷線 神谷町駅 5番出口直結：徒歩3分。東京メトロ南北線 六本木一丁目駅：徒歩12分。麻布台ヒルズのガーデンプラザAのルーフトップに位置。,,success,
STR-0008,オルビー,イギリス発の人気インテリアショップ「THE CONRAN SHOP」が手掛ける国内初のレストラン。コンランショップの世界観を大切にする空間で、モダンフレンチをベースにブリティッシュの要素が加わった新たなスタイルの料理を提供。紺野真ヘッドシェフが監修・指揮を執り、ワインと旬の食材を自由で創造的に使ったメニューを提案。シンプルなデザインと品の良いカジュアルな雰囲気が共存する空間で、昼は東京の景色を一望でき、夜は美しい夜景を楽しめる。コンランショップがセレクトする上質な家具や食器、大理石のテーブルなどで統一されたこだわりの空間で、落ち着いた大人のひと時を過ごせる。,"創作料理,酒・ワイン販売.フレンチ.バー,カフェ",東京都港区麻布台1-3-1 麻布台ヒルズ タワープラザ 3F,03-6834-4700,,"{""weekday"": ""11:30-15:00（L.O. 料理13:30 ドリンク14:00）、17:30-22:00（L.O. 料理20:30 ドリンク21:00）"", ""weekend"": ""11:00-15:00（L.O. 料理13:30 ドリンク14:00）、15:00-17:00（カフェタイム）、17:00-22:00（L.O. 料理20:30 ドリンク21:00）"", ""holiday"": ""11:00-15:00、15:00-17:00（カフェタイム）、17:00-22:00（L.O. 料理20:30 ドリンク21:00）"", ""note"": ""土・日・祝日の14:00～17:00はカフェタイム（不定期で営業時間が変更、予約不可）。ディナータイムの最終入店は20:30。17時以降はサービス料10％""}","[""火曜日""]",予約可。電話予約：050-5593-3159、オンライン予約可能。ディナータイムの席のみの予約はアラカルト利用。土・日・祝日のカフェタイムは予約不可。,TRUE,"{""available"": true, ""capacity"": null, ""fee"": null, ""note"": ""麻布台ヒルズ地下駐車場をご利用ください""}",,TRUE,ペット同伴可,,ベジタリアンメニューあり,,アレルギー対応可,"[""イエロービーツとアンディーヴ シェーヴルチーズのサラダ（2,500円）"", ""有機野菜のロースト ロメスコソース（2,800円）"", ""白イカとブロッコリーのタブレ（2,500円）"", ""フレッシュ・オイスター 2pieces（1,400円）"", ""フィッシュ＆チップス（2,800円）"", ""ハマチと無花果のカルパッチョ（2,400円）"", ""シャルキュトリーの盛り合わせ（3,200円）"", ""鶏白レバーのムース（1,200円）"", ""豚肉のリエット（1,200円）"", ""パテ・ド・カンパーニュ（1,500円）"", ""自家製豚ハム（1,500円）"", ""本日の鮮魚と国産ムール貝のブイヤベース（4,800円）"", ""蝦夷鹿もも肉のウェリントン シェリーヴィネガーソース（5,800円）"", ""上州牛 ランプ肉のロースト（6,500円）"", ""パーラー江古田さんの湘南小麦のカンパーニュ（660円）"", ""欧州チーズ盛り合わせ（1,200円）"", ""オリーヴのマリネ（660円）"", ""ウェルシュ・レアビット（1,400円）"", ""自家製アイスクリーム2種（900円）"", ""バスクチーズケーキ（900円）"", ""ショコラテリーヌ（900円）"", ""ランチコース（4,800円～）"", ""平日限定カジュアルランチセット（2,500円～）"", ""土日祝日カジュアルランチセット（2,800円～）""]",,"記念日やお誕生日、お祝い事のサプライズプレート（ランチタイム500円、ディナータイム1,100円、コース利用の場合無料）",車椅子で入店可、エレベーターあり（麻布台ヒルズ内）,,"{""kids_menu"": ""お子様用メニューなし"", ""baby_chair"": ""ベビーチェアあり（子供用椅子あり）"", ""kids_space"": null, ""note"": ""子供可、ベビーカー入店可。ディナーコースは中学生以下のお客様はご利用不可。ディナータイムのアラカルトはお子様利用可能。ランチ、ディナータイムのアラカルトでのお子様用メニュー、カトラリー、椅子のご用意はなし。""}",,東京メトロ日比谷線 神谷町駅 5番出口 直結 徒歩10分～15分、東京メトロ南北線 六本木一丁目駅 徒歩10分,,success,
STR-0009,バルコニーバイシックス,有楽町で長く愛された「6th by ORIENTAL HOTEL」を継承した、麻布台ヒルズに広がる都会の中のバルコニー。都会の中に緑が溶け込む、ここにしかない景色。心地よいテラス席とボタニカルな雰囲気が広がる店内でお迎えするレストラン。イタリアンベースの多国籍料理はシーズンごとに変化し、常に斬新で唯一無二の一皿を目指しアップデートし続けます。オリジナルパンケーキやパスタなど多国籍を感じられる一品や旬の食材を使用したフルコース、テラス席では景色を眺めながら心地よいひと時をお過ごしいただけます。モダン・クラシックなオールデイダイニングで、ランチ、カフェ、ディナー、バータイムまで時間に合わせてお楽しみいただけます。,イタリアン,東京都港区麻布台1-3-1 ヒルズタワープラザ 3F,03-6459-1603,,"{""weekday"": ""8:00-23:00"", ""weekend"": ""7:45-23:00"", ""holiday"": ""7:45-23:00"", ""note"": ""【BREAKFAST】平日8:00-10:30(L.O.9:30)、土日祝7:45-10:30(L.O.9:30) 【LUNCH】平日11:00-14:30(L.O.)、土日祝11:00-15:00(L.O.) 【CAFE】11:00-17:30(L.O.) 【DINNER/BAR】17:30-23:00(料理L.O.21:00、ドリンクL.O.22:30)""}",,"予約可。全てのお時間帯ワンドリンク制。当日のご予約変更はお問い合わせフォームより店舗へご連絡ください。メッセージのお書き添えはコースのデザート(無料)またはデザートプレート(¥4,000)にのみ承っております。雨天強風時は、テラスのご予約はキャンセル扱いとさせていただきます。予約サイト：TableCheck",TRUE,"{""available"": true, ""capacity"": null, ""fee"": ""3,000円以上のご利用で1時間無料、6,000円以上のご利用で2時間無料、20,000円以上のご利用で4時間無料"", ""note"": ""自走式麻布台ヒルズ内に駐車場あり""}","{""available"": false, ""note"": ""半個室あり(要問い合わせ)""}",TRUE,ペット可（テラス席）,,,,,"[""オリジナルパンケーキ（6th パンケーキ）"", ""バスクチーズケーキ（テイクアウト可、ホール12cm、3,200円税込）"", ""ダブルバーガー"", ""豚ラグーと茄子のアラビアータ リガトーニ（1,800円税込）"", ""オリジナルブレンドコーヒー（レフィルフリー、900円税込）"", ""パスタ"", ""サラダ"", ""メイン"", ""ハンバーガー"", ""トースト"", ""ヨーグルト""]","[""マロンバスクチーズケーキ（9/6~10/31限定販売）""]",Christmas Market,車椅子で入店可、オープンテラスあり、無料Wi-Fiあり,,"{""kids_menu"": ""お子様メニューあり"", ""baby_chair"": ""キッズチェアのご用意はございますが、数に限りがあるため確約できかねます"", ""kids_space"": null, ""note"": ""子供可、ベビーカー入店可、お子様のご来店は終日可能""}",,東京メトロ南北線『六本木一丁目駅』2番出口 徒歩4分、東京メトロ日比谷線『神谷町駅』5番出口 直結、東京メトロ日比谷線『六本木駅』3番出口 徒歩10分、都営大江戸線『六本木駅』5番出口 徒歩10分、都営大江戸線『麻布十番駅』6番出口 徒歩10分、東京メトロ南北線『麻布十番駅』3番出口 徒歩11分、都営三田線『御成門駅』A6出口 徒歩11分。タクシー：東京駅から20分、品川駅から20分、浜松町駅から20分、成田空港から90分、羽田空港から30分。車：首都高速飯倉出口、霞ヶ関出口、渋谷出口、芝公園出口から各10分、外苑出口から15分,,success,
STR-0010,PARK6,六本木ヒルズ森タワー6階に位置する、カフェとワークラウンジが融合した新しい形のカフェスペース。ビジネスパーソンの日常に寄り添い、ワクワクする場で遊ぶように働けるONの中のOFFスペース。緑に囲まれた居心地の良い空間と食材にこだわったフードで快適に仕事ができる。平日はワーカー向けランチブッフェでこだわりの国産米と手仕込みの料理を提供し、土日は本格ピッツァをイタリア直送の本格コーヒーと共に楽しめる。店内奥のワークラウンジではセミナーやパーティ、撮影も実施可能で、マイク、プロジェクター完備でビジネス向けから結婚式二次会まで幅広く対応。,-,〒106-6108 東京都港区六本木6-10-1 六本木ヒルズ森タワー ウェストウォーク6F,03-6434-0546,,"{""weekday"": ""10:00-21:00"", ""weekend"": ""11:00-19:00"", ""holiday"": ""11:00-19:00"", ""note"": ""平日L.O. 20:30、土日祝L.O. 18:30。ピッツァメニューは平日15:00~20:00、土日祝11:00~20:00で販売。ランチブッフェは平日11:00～14:30。""}",,予約可。予約はウェブサイト（https://coubic.com/park6_RESERVATION）から可能。電話でも予約できることがある。,TRUE,"{""available"": true, ""capacity"": null, ""fee"": null, ""note"": ""六本木ヒルズ駐車場をご利用ください""}","{""available"": true, ""capacity"": ""4～12名の個室あり。30名様以上の場合、半貸切でのご利用が可能。"", ""note"": ""会議室：12名部屋¥11,000/1時間、8名部屋¥7,000/1時間、4名部屋¥4,000/1時間。初回ティーサーブ有。""}",TRUE,,,,,,"[""ピッツァ・マルゲリータ ¥1,200（トマト・モッツアレラ・バジル）"", ""ピッツァ・ゴルゴンゾーラ ¥1,300（トマト・モッツアレラ・ゴルゴンゾーラ）"", ""ピッツァ・バンビーナ ¥1,300（トマト・モッツアレラ・とうもろこし）"", ""ピッツァ・オルトラーナ ¥1,500（トマト・モッツアレラ・玉ねぎ・オリーブ・ベーコン）"", ""ピッツァ・サラーメ ¥1,500（トマト・モッツアレラ・サラミピカンテ）"", ""ピッツァ・プロシュート ¥1,600（トマト・モッツアレラ・生ハム）"", ""シーザーサラダ ¥600"", ""グリーンサラダ ¥600"", ""フライドポテト ¥600"", ""レッドチリポテト ¥900"", ""トリュフ＆チーズポテト ¥900"", ""3種のメインから選べるランチBOX ¥1,000"", ""チキンライスボウル ¥1,200"", ""こだわりビーフカレー ¥1,200"", ""カフェ アメリカーノ S¥480 M¥580"", ""カフェラッテ S¥520 M¥620"", ""カプチーノ S¥520 M¥620"", ""カフェモカ S¥680 M¥780"", ""宇治抹茶ラテ M¥750"", ""エスプレッソ ソロ ¥270"", ""エスプレッソ ドッピオ ¥370"", ""ヘーゼルナッツラテ S¥680 M¥780"", ""紅茶 M¥550"", ""スパークリングワイン ¥650"", ""白ワイン ¥650"", ""赤ワイン ¥650"", ""ハイネケン ¥800"", ""ハートランド ¥750""]",,"ワークスペース利用サービス：オープンデスク（¥800/1時間、¥1,800/3時間、¥3,000/1日）、ソロワークブース（¥1,000/1時間、¥2,500/3時間、¥4,000/1日）、コンセントレーションブース（¥1,500/1時間、¥3,800/3時間、¥5,000/1日）。フリードリンク、電源、無線LAN、ライブラリー、複合機利用可能。",バリアフリー対応。オシャレな空間、落ち着いた空間、カウンター席あり、ソファー席あり、プロジェクターあり、電源あり。,,"{""child_friendly"": true, ""facilities"": [""ベビーカー入店可""], ""note"": ""子供可（乳児可、未就学児可、小学生可）""}",同フロアに喫煙所あり（全席禁煙）,日比谷線六本木駅1C出口 徒歩2分、大江戸線六本木駅3出口 徒歩6分、大江戸線麻布十番駅7出口 徒歩7分。六本木ヒルズ森タワー ウェストウォーク6階。,,success,
STR-0011,コンランショップ,麻布台ヒルズにオープンした東京店は、ザ・コンランショップ初のレストラン「Orby Restaurant」を併設。自然光が降り注ぐ、広々とした開放的な空間で、ゆったりとショッピングをお楽しみいただけます。店内は木、左官、タイルなど時間の経過を感じさせる素材で構成され、ニュートラルで包容力のある空間を提供します。オリジナルやセレクト品、ヴィンテージアイテム、クラフトマンや作家による一点ものの作品、そして現代デザインまで、定番でありながら上質、日常に特別感をプラスするアイテムを世界中から厳選してお届けします。,ライフスタイル,〒106-0041 東京都港区麻布台一丁目3番1号 麻布台ヒルズ タワープラザ 3F,03-6834-4600,tokyo@conranshop.jp,"{""weekday"": ""11:00-20:00"", ""weekend"": ""11:00-20:00"", ""holiday"": ""11:00-20:00"", ""note"": null}",,,,"{""available"": null, ""capacity"": null, ""fee"": null, ""note"": null}",,,,,,,,,,,,"{""available"": false, ""equipment"": [], ""floor"": null}","{""kids_menu"": null, ""baby_chair"": null, ""kids_space"": null, ""note"": ""チルドレンアイテムの取り扱いあり""}",,東京メトロ南北線『六本木一丁目駅』2番出口 徒歩4分、東京メトロ日比谷線『神谷町駅』5番出口 直結、東京メトロ日比谷線『六本木駅』3番出口 徒歩10分、都営大江戸線『六本木駅』5番出口 徒歩10分、都営大江戸線『麻布十番駅』6番出口 徒歩10分、東京メトロ南北線『麻布十番駅』3番出口 徒歩11分、都営三田線『御成門駅』A6出口 徒歩11分,,success,
STR-0012,エルメス,エルメスの麻布台ヒルズ店。Apple Watch HermèsやApple Airtag Hermèsなどの特別な製品を取り扱うブティック。,"メンズファッション,レディスファッション,ファッション雑貨,ジュエリー・ウォッチ,ライフスタイル",〒106-0041 東京都港区麻布台１丁目３−１ ガーデンプラザC　1階,03 6426 5023,,"{""weekday"": null, ""weekend"": null, ""holiday"": null, ""note"": ""臨時営業時間変更については公式サイトを参照""}",,,,"{""available"": null, ""capacity"": null, ""fee"": null, ""note"": null}",,,,,,,,,,,,"{""available"": false, ""equipment"": [], ""floor"": null}",,,麻布台ヒルズ ガーデンプラザC 1階,,success,
STR-0013,UA,,"レディスファッション,ファッション雑貨,ジュエリー・ウォッチ,キッズ,ライフスタイル,ビューティー",<UNKNOWN>,,,"{""weekday"": """", ""weekend"": """", ""holiday"": """", ""note"": """"}",,,,"{""available"": false, ""capacity"": null, ""fee"": null, ""note"": null}",,,,,,,,,,,,"{""available"": false, ""equipment"": [], ""floor"": null}",,,,,success,
STR-0014,洋菓子店クリオロ,"日比谷線神谷町駅直結でアクセスしやすい、クリオロの麻布台ヒルズ店。内装は上品かつ優しい色合いを基調とし、クリオロのコンセプトである「身近な贅沢」を感じていただける空間です。""チョコレートの達人""サントスシェフが得意とするチョコレートの豊富なバリエーションをはじめ、ケーキや焼き菓子、ギフトセット、季節ごとに変わるソフトクリームなど、麻布台ヒルズ店限定の商品もご用意。日常使いからビジネスシーンの手土産やギフト、お買い物や観光の途中での立ち寄りまで、さまざまなシーンでのご利用が可能です。",手土産・スイーツ,〒105-0001 東京都港区虎ノ門5-9-1 麻布台ヒルズ ガーデンプラザB B1F,03-6432-4660,,"{""weekday"": ""11:00-20:00"", ""weekend"": ""11:00-20:00"", ""holiday"": ""11:00-20:00"", ""note"": ""ソフトクリーム L.O. 19:00""}","[""不定休""]",店頭、お電話、オンライン（ホールケーキのみ）にて予約可能。事前予約は2日前まで（ホールケーキのオンライン予約は3日前まで）。当日予約は不可。,,"{""available"": null, ""capacity"": null, ""fee"": null, ""note"": null}",,TRUE,,,,,,"[""麻布台ブラウニー（麻布台ヒルズ店限定）"", ""ミルキーソフトクリーム"", ""ショコラソフトクリーム"", ""ソフトクリーム・パルフェ（ショコラソース、季節のソース）"", ""ディスカバリー・ショコラ"", ""フィナンシェ・ショコラ"", ""ヨーヨーマカロン"", ""チョコレートがけクッキー"", ""生ケーキ"", ""ホールケーキ"", ""焼き菓子"", ""チョコレート""]","[""季節ごとに変わるソフトクリームのソース（現在：キャラメル、チョコレート）""]",麻布台ヒルズ店限定商品の販売（麻布台ブラウニー、ソフトクリームなど）,,"{""available"": false, ""equipment"": [], ""floor"": null}",,,東京メトロ日比谷線「神谷町」駅 5番出口から直結,,success,
STR-0015,ギャラリー&レストラン舞台裏,,"ギャラリー,フレンチ",〒105-0001 東京都港区虎ノ門5-8-1 麻布台ヒルズ ガーデンプラザA B1F,,,"{""weekday"": ""ギャラリー: 11:00-20:00 / レストラン: LUNCH 12:00-15:30 (L.O.15:00), DINNER 17:00-22:00 (L.O.21:00)"", ""weekend"": ""ギャラリー: 11:00-20:00 / レストラン: CAFE&BURGER 12:00-18:00 (L.O.17:00)"", ""holiday"": ""ギャラリー: 11:00-20:00 / レストラン: CAFE&BURGER 12:00-18:00 (L.O.17:00)"", ""note"": ""火曜日から日曜日営業。レストランは火-金がランチ・ディナー営業、土日祝はカフェ&バーガー営業""}","[""月曜定休"", ""月曜が祝日の場合は翌日が休業日""]",レストラン席予約可能。予約サイト: https://yoyaku.toreta.in/butaiura/#/,,"{""available"": false, ""capacity"": null, ""fee"": null, ""note"": ""麻布台ヒルズの駐車場利用可能と推測されるが、詳細情報なし""}",,,,,,,,"[""ホタルイカとチョリソーのフィデウア"", ""いわて短角牛サーロインステーキ"", ""秋鮭のティエド 42℃"", ""Pizza 4P's ホエイリコッタチーズのラビオリ""]","[""秋鮭のティエド 42℃ (秋)"", ""Pizza 4P's ホエイリコッタチーズのラビオリ (秋)""]",定期的にアート展覧会を開催。過去には会田誠、上田義彦、落合陽一、Izumi Katoなどの展覧会を実施,エレベーターあり、バリアフリー対応。車椅子、ベビーカーの入場可能,"{""available"": false, ""equipment"": [], ""floor"": null}","{""stroller_accessible"": true}",,東京メトロ日比谷線神谷町駅5番出口より徒歩2分（駅直結）。エレベーターあり、バリアフリー対応,,success,
STR-0016,エイタブリッシュ,麻布台ヒルズガーデンプラザA 2階に位置するヴィーガンカフェ。東京青梅市のオーガニックファーム「Ome Farm」とタッグを組み、新鮮でパワフルな野菜をふんだんに使ったヴィーガン料理を提供。全メニューを卵・乳製品を含む動物性食材、白砂糖、保存料などは使用せずに作っています。子供やペット連れでも楽しめるテラス席を備え、ランチやアフタヌーンティーのほか、ナチュラルワインや日本酒でアペロタイムの利用もおすすめ。人気のクッキー缶やナチュラルティーをはじめ、ギフトにも喜ばれるオリジナル商品も取り扱っています。ほぼ全席がテラス席という開放的な空間で、麻布台ヒルズを望める景色も魅力です。,"カフェ,創作料理,惣菜・お弁当・軽食,手土産・スイーツ",〒105-0001 東京都港区虎ノ門5-8-1 麻布台ヒルズ ガーデンプラザA 2F,03-6432-0288,,"{""weekday"": ""11:00-19:00"", ""weekend"": ""11:00-19:00"", ""holiday"": ""11:00-19:00"", ""note"": ""ラストオーダー18:00、不定休""}","[""不定休""]",予約不可,,"{""available"": true, ""capacity"": null, ""fee"": null, ""note"": null}",,,ペット可,,全メニューがヴィーガン対応。卵・乳製品を含む動物性食材、白砂糖、保存料などは使用せずに作られています。東京青梅市のオーガニックファーム「Ome Farm」から届くオーガニック野菜をふんだんに使用したヴィーガン料理を提供。ヴィーガンアイスクリームやヴィーガンナッツチーズなど、豊富なヴィーガンメニューを取り揃えています。,グルテンフリーマフィンあり。米粉や大豆粉などをブレンドして焼き上げたグルテンフリーマフィンを提供。,アレルギー表示あり,"[""本日のスープ 880円"", ""ベーグル&ナッツチーズ 770円"", ""ベーグル&ピーナッツバター 770円"", ""グルテンフリーマフィン 495円"", ""オーガニック抹茶白玉あずきサンデー 1,430円"", ""ヴィーガンアイスクリーム 770円"", ""アイスマフィン 1,100円"", ""ガトーショコラ 1,100円"", ""ピスタチオとレモンのクグロフ 880円"", ""スパイスキャロットケーキ 880円"", ""ガナッシュ・デ・ボア 880円"", ""フィグ&ナッツバー 880円"", ""アフォガード 990円"", ""パープルレモネード 880円"", ""オーガニックコーヒー 748円"", ""オーガニック穀物コーヒー 748円"", ""コーヒーフロート 990円"", ""本日のナチュラルティー 748円"", ""自家製レモンソーダ 770円""]",,,バリアフリー対応、車椅子で入店可,"{""available"": false, ""equipment"": [], ""floor"": null}","{""kids_menu"": null, ""baby_chair"": null, ""kids_space"": null, ""other"": ""子供可（乳児可、未就学児可、小学生可）、ベビーカー入店可""}",,東京メトロ日比谷線神谷町駅5番出口から直結。神谷町駅から徒歩124m（徒歩約3分）。麻布台ヒルズガーデンプラザA 2階。,,success,
STR-0017,HARBS,1976年にカウンターだけの小さな喫茶店「メルローズ」を原点とし、コーヒータイムを豊かにするケーキを提供するために始まったHARBS。「ひと口で心が満たされるケーキ」を出発点に、直径24cmの8号サイズにこだわり、感動的な満足感を追求。甘さの量、クリームとスポンジが生み出す空気感、素材を合わせる絶妙なタイミングとバランスを追求し、形状保持のための添加物を最小限に抑えたなめらかな食感のケーキを提供。創業以来40年以上、新商品やイベントに重点を置くのではなく、丁寧に育ててきた約50種類のレシピを常に改良し、お客様に同じ美味しさを提供し続けている。厳選した素材を使い、手作りで作った商品を新鮮な状態で店舗に届け、作りたての美味しさを楽しめる。麻布台ヒルズ店は広々とした空間で、ゆったりとした居心地の良い雰囲気。,"洋食・グリル,カフェ,手土産・スイーツ",東京都港区虎ノ門5-9-1 麻布台ヒルズ ガーデンプラザC B1F,03-5843-8607,,"{""weekday"": ""11:00-20:00"", ""weekend"": ""11:00-20:00"", ""holiday"": ""11:00-20:00"", ""note"": ""料理L.O. 19:00、イートインL.O. 19:30""}","[""麻布台ヒルズに準ずる""]",予約不可（テイクアウトのみ予約可）,,"{""available"": false, ""capacity"": null, ""fee"": null, ""note"": ""近隣に時間貸駐車場あり""}",,,,,,,メニューごとにアレルギー情報を提供（小麦、卵、乳、アーモンド、大豆、キウイフルーツ、バナナ、オレンジ、ゴマ、くるみ、ゼラチンなど）,"[""カスタードマロンケーキ（1カット ¥930、ホール ¥9,300）"", ""N.Y.チーズケーキ（1カット ¥850、ホール ¥8,500）"", ""マロンチョコレートケーキ（1カット ¥1,080、ホール ¥10,800）"", ""マロンクレープ（1カット ¥1,000、ホール ¥10,000）"", ""マロングラッセケーキ（1カット ¥1,350、ホール ¥13,500）※店舗限定"", ""和栗タルト（1カット ¥1,300、ホール ¥13,000）"", ""マロンパイ（1カット ¥930、ホール ¥9,300）"", ""ミルクレープ（1カット ¥1,050、ホール ¥10,500）"", ""洋梨パイ（1カット ¥900、ホール ¥9,000）"", ""洋梨ミルフィーユ（1カット ¥980、ホール ¥9,800）"", ""フレッシュフルーツケーキ（1カット ¥1,150、ホール ¥11,500）"", ""ティラミス（1カット ¥980、ホール ¥9,800）"", ""チョコレートケーキ（1カット ¥950、ホール ¥9,500）"", ""マロンケーキ（1カット ¥930、ホール ¥9,300）"", ""ランチサービス（¥2,800）トマトモッツァレラチーズ、スペシャルサラダ、本日のハーフケーキ、紅茶""]","[""マンスリーケーキ（9月4日～10月22日）：カスタードマロンケーキ、マロンチョコレートケーキ、マロンクレープ、マロングラッセケーキ、和栗タルト、マロンパイ、洋梨パイ、洋梨ミルフィーユなど""]",,,"{""available"": false, ""equipment"": [], ""floor"": null}","{""kids_menu"": null, ""baby_chair"": null, ""kids_space"": null, ""note"": ""子供可""}",,東京メトロ日比谷線「神谷町駅」5番出口直結、東京メトロ南北線「六本木一丁目駅」4番出口から徒歩2分、東京メトロ日比谷線・大江戸線「六本木駅」から徒歩10分。麻布台ヒルズC棟の奥に位置。神谷町駅から171m。,,success,
STR-0018,中村藤吉麻布台,麻布台ヒルズガーデンプラザ地下1階に位置する中村藤吉本店の店舗。ストアとテイクアウト（TOGO）の両方に対応。,"カフェ,手土産・スイーツ,ドリンクスタンド,その他",〒105-0001 東京都港区虎ノ門5丁目麻布台ヒルズガーデンプラザB (地下1階),03-6381-5088,,"{""weekday"": ""10:00-20:00"", ""weekend"": ""10:00-20:00"", ""holiday"": ""10:00-20:00"", ""note"": null}","[""営業時間、休館日は麻布台ヒルズガーデンプラザに準じます""]",,,"{""available"": null, ""capacity"": null, ""fee"": null, ""note"": null}",,,,,,,,,,,,"{""available"": false, ""equipment"": [], ""floor"": null}",,,東京メトロ日比谷線 神谷町駅より徒歩約1分。麻布台ヒルズガーデンプラザB（地下1階）,,success,
STR-0019,カルトゥージア,カプリ島のCarthusiaの世界観を表現した直営店。香りのプロフェッショナルとお気に入りの香りを探すことができる。イタリア・カプリ島発祥のフレグランスブランドで、メディテラネオシリーズをはじめとするレモンリーフとグリーンティーの香りを代表とする、フレグランス・ホームフレグランス・ボディフレグランスを提供している。,"ファッション雑貨,ライフスタイル",〒106-0041 東京都港区麻布台1-3-1 麻布台ヒルズレジデンスA,03-5350-4524,,,,,,,,,,,,,,,"[""TERRA MIA ボディコレクション（秋の香り）"", ""CIAO CAPRI FAIR（10/31まで）""]","CIAO CAPRI FAIR（10/31まで開催）、税込10,000円以上お買上で送料無料キャンペーン",,,,,麻布台ヒルズレジデンスA内,,success,
STR-0020,ル グランド クローゼット ドゥ パリゴ,麻布台ヒルズ タワープラザ2Fに位置するセレクトショップ。JIL SANDER、Maison Margiela、Chloéなどの海外ブランドから、Mame Kurogouchi、TOGA、CFCLなどの日本ブランドまで、幅広いラインナップを取り揃えています。interior design by Wonderwall®による洗練された空間デザインが特徴です。,"レディスファッション,ファッション雑貨,ジュエリー・ウォッチ,ライフスタイル",〒106-0041 東京都港区麻布台一丁目3番1号 麻布台ヒルズ タワープラザ2F,03-6807-4678,,"{""weekday"": ""11:00-20:00"", ""weekend"": ""11:00-20:00"", ""holiday"": ""11:00-20:00"", ""note"": ""無休(但し、年末年始を除く)""}","[""年末年始""]",,,"{""available"": true, ""capacity"": null, ""fee"": ""15分200円"", ""note"": ""お買い上げ金額税込3,000円以上1時間無料、6,000円以上2時間無料、20,000円以上4時間無料""}",,,,,,,,,,,,"{""available"": false, ""equipment"": [], ""floor"": null}",,,麻布台ヒルズ タワープラザ2F,,success,
STR-0021,ボッテガ・ヴェネタ,クリエイティブ・ディレクターのマチュー・ブレイジーが手がけたストアで、プライベートサロンを備え、稀少なアイテムやエクスクルーシブなメイド・トゥ・オーダーサービスなど、上質なアイテムと顧客体験を提供します。地中海のモダニズム建築からインスパイアされた空間は、日本の白い漆喰で仕上げられ伝統と現代的な感性が融合し、ブランドが追求する革新的なクラフツマンシップの真髄を体現しています。ヴェネツィアを拠点に活動する日本人のガラスアーティスト 三嶋りつ惠による唯一無二のインスタレーションや園芸家 西畠清順の植栽が店内を彩ります。,"メンズファッション,レディスファッション,ファッション雑貨,ライフスタイル,ジュエリー・ウォッチ",東京都港区虎ノ門5-9-1 麻布台ヒルズ ガーデンプラザB 1F,,,"{""weekday"": null, ""weekend"": null, ""holiday"": null, ""note"": null}",,,,"{""available"": false, ""capacity"": null, ""fee"": null, ""note"": null}","{""available"": true, ""note"": ""プライベートサロンを備えています""}",,,,,,,,,麻布台ヒルズ限定アイテムとして、ミディアム カバ、スモール カバ バケットが登場。国内ではここでしか手に入らないエクスクルーシブなアイテムも展開予定。今シーズンより新たに展開するファインジュエリーを国内でいち早くご覧いただけます。,,"{""available"": false, ""equipment"": [], ""floor"": null}",,,麻布台ヒルズ ガーデンプラザB 1F,,success,
