store_id,store_name,product_name,product_description,tag
STR-0001,麻布台ヒルズマーケット,手巻き寿司セット 天然本鮪入り,"豊洲市場を代表するマグロ・鮮魚卸が用意する手巻き寿司セット。厳選された天然本鮪と旬の海鮮を心ゆくまで堪能できます。赤酢を使った特製酢飯、海苔、ガリ、本わさび、煮切り醤油付き。2人前から、15,120円(税込)〜",フード
STR-0001,麻布台ヒルズマーケット,山幸本鮪づくし寿司 10貫,"厳選本鮪の大トロ2貫、中トロ4貫、赤身4貫の盛り合わせ。艶やかな大トロは舌の上でとろけ、中トロは滑らかさと甘みのバランスが絶妙。赤身は本来の旨味を存分に楽しめます。1人前4,731円(税込)",フード
STR-0001,麻布台ヒルズマーケット,刺身盛り合わせ 並,"根津に本店を構える日本を代表する鮮魚店。その日・その時期の最高の魚を選び、店内厨房で一つひとつ最適な仕込みを施した刺身の盛り合わせ。1人前5,400円(税込)",フード
STR-0001,麻布台ヒルズマーケット,ちらし寿司,"宝石箱のようなちらし寿司。マグロ、穴子煮、車海老など旬の海鮮がたっぷり。赤酢の上品な香りが立つシャリとのバランスが絶妙。芝海老入りの自家製玉子焼きも美味。1人前5,400円(税込)",フード
STR-0001,麻布台ヒルズマーケット,焼鳥盛り合わせ,"予約困難な目黒「鳥しき」の味をテイクアウトで。つくね、ねぎま(タレまたは塩)、砂肝、せせり、かっぱ、東京山椒焼き、黒玉の8種類を各2本ずつ盛り合わせ。炭火の香り豊かでジューシーな焼鳥。2〜3人前8,800円(税込)",フード
STR-0001,麻布台ヒルズマーケット,名物 黒酢の酢豚,"東麻布の名店「芙蓉麻婆麺」の名物。一口大の豚肉を二度揚げしてカリッと仕上げ、柔らかな酸味と深いコクと甘みが同居する黒酢餡をたっぷりと。2人前1,512円(税込)",フード
STR-0001,麻布台ヒルズマーケット,楠田プレート,"芦屋・神戸のシャルキュトリー(加工肉)専門店。伝統的なヨーロッパの技法をベースに国産素材を活かしたオリジナルレシピのハムやテリーヌを、切りたての一番美味しい状態で盛り合わせ。2人前3,780円(税込)",フード
STR-0001,麻布台ヒルズマーケット,キャビアパーティー by プルニエ オリジナル,"「プルニエ キャビア トラディション」500g缶、「キャビアハウス シャンパーニュ ブリュット」2本、バリックサーモン、ミニブリニ、シェルスプーン6本のセット。10〜15人前、293,678円(税込)〜",フード
STR-0001,麻布台ヒルズマーケット,桜と酒 ホール/ハーフ,世界パン選手権のために創作された、日本の魅力を象徴する逸品。桜葉入りの桜餡と酒を練り込んだ生地は、きめ細かな質感と柔らかな口当たり、優しい甘みと香り。ホール972円、ハーフ486円(税込),フード
STR-0001,麻布台ヒルズマーケット,ゴルゴンゾーラ ドルチェ 200g,"イタリアチーズ専門店のオリジナルブランド。マイルドでクリーミーな口当たりに独特の風味。チーズが苦手な方でも食べやすい味わい。200g 2,376円(税込)",フード
STR-0001,麻布台ヒルズマーケット,ハムセット メディオ,"ベルギー産生ハム、オーストリア産スペック、サラミなど9種類から好きなハム2種類(約200g)を選び、その場でスライス。軽い塩味で切りたての格別な美味しさ。2〜3人前2,700円(税込)",フード
STR-0001,麻布台ヒルズマーケット,パテ・ド・カンパーニュ 100g,"フランスの田舎風パテ。素材の各部位の旨味を凝縮した濃厚な味わい。ワインとの相性も良く、前菜やバゲットサンドの具材としても楽しめる。100g 1,296円(税込)",フード
STR-0001,麻布台ヒルズマーケット,ジャンボン・キュイ 麻布台 100g,"麻布台ヒルズ限定のハム。力強い味わいと濃厚な旨味、発酵バターのような香り。店頭に陳列されたブロックから好きな量をスライス。100g 1,620円(税込)",フード
STR-0001,麻布台ヒルズマーケット,カットフルーツ重箱,"全国から厳選した旬のフルーツを一口大にカットし、色鮮やかに重箱に盛り付け。季節によってフルーツの種類が変わります。6,800円(税込)〜",フード
STR-0001,麻布台ヒルズマーケット,ReSTAURANT 赤ワイン 2022 750ml,"長野県のワイナリー「ノート・ワインズ」の1本。オーナー依田賢一氏がかつて勤めていたレストランへのオマージュを込めた商品名。体に染み入る優しい味わい。750ml 3,630円(税込)",フード
STR-0001,麻布台ヒルズマーケット,ミネラルシュタイン リースリング 2022 750ml,"航空会社のビジネスクラスでも採用される信頼の1本。スクリューキャップでコルク抜き不要。アウトドアパーティーにも最適。750ml 3,300円(税込)",フード
STR-0001,麻布台ヒルズマーケット,ランソン ル ホワイトラベル セック 750ml,"辛口が多いシャンパーニュの中で、やや甘口でフレッシュ&フルーティーな味わい。泡の多様性として知っておきたい1本。750ml 10,560円(税込)",フード
STR-0001,麻布台ヒルズマーケット,粘土〜N-end(ねんど) 720ml,"老舗酒蔵・宝酒造とマスター・オブ・ワイン大橋健一氏が生み出した本気の日本酒。高品質で環境に配慮した米作りによる酒。720ml 11,000円(税込)",フード
STR-0001,麻布台ヒルズマーケット,ヒルドン ミネラルウォーター 500ml,イギリス南部ハンプシャーの豊かな自然環境から生まれた天然ミネラルウォーター。英国王室御用達で、世界の高級ホテルで愛用される滑らかで澄んだ味わい。500ml 864円(税込),フード
STR-0001,麻布台ヒルズマーケット,SOBR リースリング ウィズ バブルス 750ml,"ドイツのリースリング伝道師エルンスト・ルーセンが手掛けるノンアルコールワイン。アルコール0.5%未満で本格的な味わいのやや辛口スパークリング。750ml 2,970円(税込)",フード
STR-0001,麻布台ヒルズマーケット,炭焼き胸肉,柔らかな肉質と炭火の香りが特徴。お酒のおつまみやご飯のお供に最適な指でつまめる一品。810円(税込),フード
STR-0001,麻布台ヒルズマーケット,鍋ベース鶏(タレ) 100g,カリッと揚げた手羽先に秘伝のタレベースの甘辛醤油ダレをかけた一品。お酒のおつまみやご飯のお供に。100g 630円(税込),フード
STR-0001,麻布台ヒルズマーケット,3種のお肉ミックス,"大人気のメンチ、ヒレ、チキンカツのセット。注文後に揚げるので熱々を持ち帰れる。自家製生姜ソースやタルタルソース(各100円)を追加するとさらに特別に。1,270円(税込)",フード
STR-0001,麻布台ヒルズマーケット,おにぎり各種(海苔塩、いなり、干しえび等),厳選した米を伝統的な製法で精米し、店内厨房で炊き上げたおにぎり。海苔塩300円、いなり320円、干しえび350円など、各280〜600円(税込)。素材にこだわり、米の美味しさを引き立てる上品な味付け。,フード
STR-0001,麻布台ヒルズマーケット,焼餃子(12個),1953年に東京・亀戸で創業以来、餃子一筋の専門店。厳選した国産野菜と豚肉の餡を詰めた小ぶりで食べやすい餃子。生餃子(同価格)も販売。12個972円(税込),フード
STR-0001,麻布台ヒルズマーケット,中屋ほっこり漬け野菜 9種,"無添加・熟成ぬか床で漬けたミルキークイーン米ぬか漬け9種の盛り合わせ。きゅうり、かぶ、大根などの定番から、アボカド、ゆで卵、季節の食材まで色彩豊か。2,592円(税込)",フード
STR-0001,麻布台ヒルズマーケット,鮭いなり、ごま紫蘇いなり等,和惣菜店が厳選素材を組み合わせて作る満足感のあるいなり寿司。ちりめんじゃこや野沢菜など、時期によって変わる具材を選ぶ楽しみも。各216円〜(税込),フード
STR-0001,麻布台ヒルズマーケット,ミックスオードブル,"野菜たっぷりの洋風オードブル。海老フライ、生春巻き、アボカドとハーブチキンのグリーンサラダ、美味海鮮サラダなど、季節のおすすめをバランス良く盛り合わせ。3〜4人前5,400円(税込)",フード
STR-0001,麻布台ヒルズマーケット,CO'ME 季節の生春巻き盛り合わせ,"「米」の字の形に盛り付けられたスタイリッシュな生春巻きセット。季節野菜の生春巻き2種、きのこと海鮮の旨味を香ばしく揚げた揚げ春巻き、マンゴーの甘酸っぱい生春巻きの食べ比べ。2人前3,300円(税込)",フード
STR-0001,麻布台ヒルズマーケット,肉矢澤の焼きたてハンバーグ,黒毛和牛100%のハンバーグを注文後に焼いて熱々で提供。ハンバーグとの相性抜群のオリジナル和風醤油ソースの他、デミグラスソースなども選べる。850円(税込),フード
STR-0001,麻布台ヒルズマーケット,コロッケ 1個,精肉店の人気コロッケ。じゃがいもと豚肉を使用し、ほんのり甘い後味。サクサクの衣としっとりクリーミーな中身のコントラストが絶妙。1個289円(税込),フード
STR-0001,麻布台ヒルズマーケット,トマトとソーセージの旨味たっぷりナポリタン,野菜の美味しさを楽しめるナポリタン。ソーセージを炒め、トマトの旨味が凝縮された濃厚なソース。パスタの表面を焼き付けて香ばしく仕上げ。790円(税込),フード
STR-0001,麻布台ヒルズマーケット,八百一ポテトチップス,北海道の自社農園で収穫したじゃがいもをカリッと揚げた出来たてチップス。塩は別添えなので、まずはそのままポテト本来の味わいを楽しめる。399円(税込),フード
STR-0001,麻布台ヒルズマーケット,焼鳥弁当,"ねぎま、鶏むね、うずら卵、つくねなど、備長炭の香りと秘伝のタレで味付けした焼鳥が詰まった弁当。予約困難な名店の味を弁当で。3,200円(税込)",フード
STR-0001,麻布台ヒルズマーケット,根津松本のこだわり海苔弁,"「その日市場で一番のもの」だけを扱う鮮魚店「一の撰」が丁寧に作る海苔弁。北海道産鮭の塩焼き、銀鱈の西京焼き、鯛ちくわの磯辺揚げ、玉子焼きなど、店のこだわりが詰まった弁当。2,917円(税込)",フード
STR-0001,麻布台ヒルズマーケット,銀鱈西京焼き弁当,"海苔ご飯に合う海鮮がぎっしり。ふっくら焼き上げた銀鱈の西京焼き、巻き玉子、帆立の磯辺揚げ、ししとう、数の子山椒漬けなど。1,620円(税込)",フード
STR-0001,麻布台ヒルズマーケット,旬の特製弁当,"土鍋で炊いたご飯と毎日食べても飽きない優しい味わいの和惣菜の人気専門店。注文に応じて旬の食材を使った特製弁当を用意。2,160円(税込)〜",フード
STR-0001,麻布台ヒルズマーケット,コムアンフー ミックスライス(自家製発酵海老ソース),"ベトナム発祥の混ぜご飯。ターメリックジャスミンライスにレモングラス炒めの豚ひき肉、干しえび、紅白なます、旨味が詰まった香ばしい発酵海老ソースを混ぜて。1,900円(税込)",フード
STR-0001,麻布台ヒルズマーケット,「大人のお子様ランチ」PARLOR YAZAWA弁当,"黒毛和牛100%のジューシーなハンバーグに和風醤油ソース。海老フライ、白金矢澤精肉店のソーセージ、ナポリタンにグラタンまで。懐かしい人気メニューが勢揃い。2,300円(税込)",フード
STR-0001,麻布台ヒルズマーケット,黒毛和牛ローストビーフ丼,"厳選した国産黒毛和牛のローストビーフをさっぱりとした赤酢飯の上に贅沢に重ねた丼。柔らかな牛肉の甘みと旨味が口いっぱいに広がる。ピリッとした山わさびと共に。1,980円(税込)",フード
STR-0001,麻布台ヒルズマーケット,親子丼,"鶏もも肉をたっぷり使い、鶏出汁ベースのタレで丁寧に仕上げた名物親子丼。とろける半熟卵とジューシーな鶏肉で、長年のファンも多い一品。1,200円(税込)",フード
STR-0001,麻布台ヒルズマーケット,玄米ロール入り30品目のサラダ弁当,"30品目を一度に楽しめる彩り豊かなバラエティ弁当。牛肉の旨味が濃厚なパストラミビーフ、ヤンニョム風味の韓国風甘辛ミートボール、海老春巻きなど食欲をそそる料理が並ぶ。1,290円(税込)",フード
STR-0001,麻布台ヒルズマーケット,国産黒毛和牛焼肉セット 500g,"各季節の希少部位5種類を盛り合わせた焼肉セット。厳格な基準で選び抜かれた檜山の最高級品。1912年創業の老舗の味。2〜3人前9,720円(税込)",フード
STR-0001,麻布台ヒルズマーケット,国産黒毛和牛もも薄切り 500g,"赤身のさっぱりとした旨味を楽しめる「もも薄切り」。厳格な基準で選び抜かれた檜山の逸品。1912年創業の老舗の味。2〜3人前6,480円(税込)",フード
STR-0001,麻布台ヒルズマーケット,4品種食べ比べセット -焼肉用-,"1907年創業の鶏肉卸問屋が扱う、家庭では手に入りにくいブランド鶏の盛り合わせ。ミシュラン星付き焼鳥店や有名フレンチで使われる「伊達鶏」、「広島地鶏」「錦爽どり」「合鴨ロース」など個性豊かな鶏肉を焼いて食べ比べ。2〜3人前2,600円(税込)",フード
STR-0001,麻布台ヒルズマーケット,国産牛野菜巻き・山形米の娘ぶた野菜巻き 各1本,柔らかな肉質とほんのり甘い脂が特徴の「米の娘ぶた」と国産牛で、新鮮なアスパラガスとネギを巻いた野菜巻き。焼いても揚げてもおすすめ。各1本324円(税込),フード
STR-0001,麻布台ヒルズマーケット,味付けシマチョウ(塩)、味付けマルチョウ(タレ),シマチョウはコリコリとした食感と濃厚な旨味、マルチョウは柔らかく甘い脂がジューシー。どちらも味付け済みで、前日に冷蔵庫で解凍して焼くだけで簡単調理。シマチョウ960円、マルチョウ600円(各税込・1人前),フード
STR-0001,麻布台ヒルズマーケット,さつま揚げ盛り合わせ(大)、キャベツ天、揚げボール等,"1945年創業のさつま揚げとおでん種専門店。素材の美味しさを活かした優しい味わいで保存料不使用。「とうもろこし天、あさりとねぎの揚げ、つかだ揚げ、桜えび天、さつま揚げ」の盛り合わせに、好みで追加可能。盛り合わせ(大)1,620円、キャベツ天432円、揚げボール324円等(税込)",フード
STR-0001,麻布台ヒルズマーケット,各種海鮮,マグロ・鮮魚卸「山幸」の目利きが選ぶ旬の海鮮各種。通年のきんき、真鯛、車海老の他、黒むつ、あこう、めばるなど季節の魚も豊富。鍋用など用途に応じた下処理サービスも。時価,フード
STR-0001,麻布台ヒルズマーケット,檜山焼肉のたれ,発酵にんにく味噌の深いコクと、洗練されたさっぱりとした甘み。塩辛いタレが苦手な方やお子様にもおすすめ。798円(税込),フード
STR-0001,麻布台ヒルズマーケット,檜山の山椒七味,"山椒と花椒の香りが和牛の美味しさを引き立てる。老舗七味唐辛子店「八幡屋礒五郎」とのコラボ商品。様々な料理にぴったり。1,480円(税込)",フード
STR-0001,麻布台ヒルズマーケット,つぼぽん,"京都の職人が作る究極のぽん酢。厳選した醤油、みりん、柚子果汁、最高級の鰹節、羅臼昆布をたっぷり使用。2,980円(税込)",フード
STR-0001,麻布台ヒルズマーケット,六助塩 白塩 150g,"昆布と椎茸の旨味を独自の製法で閉じ込めた塩。料理の隠し味として使え、おにぎりの味も格別に。150g 1,080円(税込)",フード
STR-0001,麻布台ヒルズマーケット,白金矢澤精肉店が作った焼肉のたれ,黒毛和牛の旨味を引き出すために試行錯誤を重ねて生まれた至高のタレ。揉みダレにも付けダレにも使える。850円(税込),フード
STR-0001,麻布台ヒルズマーケット,うまいたれ,佐賀県伊万里の名店から一子相伝で受け継がれる秘伝のレシピの付けダレ。焼鳥、焼肉、野菜炒めとの相性抜群。648円(税込),フード
STR-0001,麻布台ヒルズマーケット,コルテチーナ 1枚,驚きの薄さ0.03mmのチョコレートを重ねた、口の中で繊細にとろける食感。ミルク、ダーク、抹茶などから好きな組み合わせを選んでギフトに(箱代別)。1枚480〜580円(税込),フード
STR-0001,麻布台ヒルズマーケット,焼き菓子詰め合わせ No.5,"伝統的なイタリア菓子とコーヒーの詰め合わせ。4,400円(税込)",フード
STR-0001,麻布台ヒルズマーケット,ティーバッグセレクションボックス 24個入り,"シックなこげ茶色の箱を開けると、8種類の華やかなティーバッグが詰まっている。季節のダージリンやセイロン、ミルクティー、フルーツティー、フレーバーティーから好みに合わせて選べる。3,888円(税込)",フード
STR-0001,麻布台ヒルズマーケット,10種のお茶詰め合わせ,"桐箱入りで、日本茶の様々な味わいと香りを楽しめる10種のブレンド茶葉、4種類の一口羊羹(焦がし蜂蜜、濃茶、ココナッツ、いちじく)各3本、スタイリッシュな細身のティーカップ2客のセット。22,152円(税込)",ギフト
STR-0001,麻布台ヒルズマーケット,フラワーアレンジメント,"季節の花と緑を植物本来の自由な動きを活かしてナチュラルに色鮮やかに組み合わせたアレンジメント。バスケットタイプの器はオリジナルラッピングでそのまま飾れる。6,600円(税込)",ギフト
STR-0001,麻布台ヒルズマーケット,LABORATORY スペシャリストセレクション,"コーヒーの概念を覆す革新的な香りと味わいの「パナマ デボラ ニルヴァーナ」と、京都のコーヒー職人が生み出した「ハウスブレンド京都」を各100gずつギフトボックスで。12,500円(税込)",ギフト
STR-0001,麻布台ヒルズマーケット,炭田屋の米 6合セット(大吟撰/吟撰),"五つ星お米マイスターが独自にブレンドした最高級玄米を伝統的な精米方法で米の旨味を引き出した逸品。無農薬の「大吟撰」と特別栽培の「吟撰」の食べ比べ。5,800円(税込)",ギフト
STR-0001,麻布台ヒルズマーケット,オーダーメイドだしパック(30袋入り),"1871年創業の乾物問屋が厳選した鰹節、煮干し、昆布、椎茸など国産天然素材36種類を自由に組み合わせて、世界に一つだけのだしパックを作れる。2,709円(税込)〜",ギフト
STR-0001,麻布台ヒルズマーケット,フカヒレの醤油煮込み,"粗ほぐしのフカヒレをたっぷり使った名物料理「フカヒレの醤油煮込み」を解凍するだけで楽しめる。1人前7,020円(税込)",フード
STR-0001,麻布台ヒルズマーケット,水餃子セット,"もちもちの水餃子は青菜と蓮根、韮と海老の2種類の味で各15個入り。3〜4人前5,400円(税込)",フード
STR-0001,麻布台ヒルズマーケット,オリジナル 焼肉をアツアツご飯にのっけるやつ 3本セット,"焼肉をたっぷりのタレと共に熱々のご飯にのせて食べる至福を気軽に楽しめる逸品。「秘伝のクランチ」が焼肉の再現度を高め、香ばしさを楽しめる。3本セット4,000円(税込)",フード
STR-0001,麻布台ヒルズマーケット,海鮮なめたけ、あさりと紫蘇生姜、香る小魚とナッツ等,"干しえびや帆立の旨味がたまらない「海鮮なめたけ」など、ご飯と一緒に食べるのにぴったりなオリジナル瓶詰め商品。好きなものを組み合わせてギフトボックスや布袋に入れて贈り物に(容器代別)。海鮮なめたけ972円、あさりと紫蘇生姜972円、香る小魚とナッツ1,134円等(税込)",フード
STR-0001,麻布台ヒルズマーケット,アヒリヤ特製カレー,"アヒリヤの特製カレー。本格的なインド料理の味わいを楽しめる一品。各種¥1,000で提供。",フード
STR-0001,麻布台ヒルズマーケット,サラダバー,"アルケミーのサラダバー。新鮮な野菜を使用したヘルシーなサラダメニュー。¥1,800～。",フード
STR-0001,麻布台ヒルズマーケット,デコレーションケーキ,"エイタブリッシュのデコレーションケーキ。特別な日にぴったりな華やかなケーキ。¥5,076。",フード
STR-0001,麻布台ヒルズマーケット,グルテンフリー＆ヴィーガンマフィン,エイタブリッシュのグルテンフリー＆ヴィーガンマフィン。健康志向の方にも安心して楽しめる焼き菓子。各¥486。,フード
STR-0001,麻布台ヒルズマーケット,お魚のお弁当、お肉のお弁当（週替わりのお弁当）,"Sta.麻布台の週替わりお弁当。お魚またはお肉から選べる日替わりメニュー。各¥1,290。",フード
STR-0001,麻布台ヒルズマーケット,本日のカレー,"大垣書店の本日のカレー。日替わりで楽しめるカレーメニュー。¥1,200〜。",フード
STR-0001,麻布台ヒルズマーケット,タレー・パッポン・カリー,"クルン・サイアムのタレー・パッポン・カリー。シーフードを使った本格タイカレー。¥1,500。",フード
STR-0001,麻布台ヒルズマーケット,ガパオライス／鶏挽肉のバジル炒め,"クルン・サイアムのガパオライス。鶏挽肉とバジルの香り豊かなタイ料理の定番メニュー。¥1,400。",フード
STR-0001,麻布台ヒルズマーケット,パッタイ／ぷりぷりエビ入り焼きビーフン,"クルン・サイアムのパッタイ。ぷりぷりのエビが入った本格焼きビーフン。¥1,400。",フード
STR-0001,麻布台ヒルズマーケット,スープカレー チキン＆ベジタブル,"ザ イエローカンパニー トウキョウのスープカレー。チキンと野菜がたっぷり入ったヘルシーなスープカレー。¥1,530。",フード
STR-0001,麻布台ヒルズマーケット,スープカレー 黄金豚のしゃぶしゃぶ＆ベジタブル,"ザ イエローカンパニー トウキョウのスープカレー。黄金豚のしゃぶしゃぶと野菜が入った贅沢な一品。¥1,630。",フード
STR-0001,麻布台ヒルズマーケット,ソフトクリーム,ザ イエローカンパニー トウキョウのソフトクリーム。限定販売の人気デザート。¥500。,フード
STR-0001,麻布台ヒルズマーケット,テリヤキフォアグラバーガー,"ショーグンバーガーのテリヤキフォアグラバーガー。贅沢なフォアグラを使用した特製バーガー。¥2,580。",フード
STR-0001,麻布台ヒルズマーケット,STRAWBERRY FIELDS,"トーキョージュースのストロベリーフィールズ。新鮮なイチゴを使用したフレッシュジュース。¥1,050。",フード
STR-0001,麻布台ヒルズマーケット,JACKFRUIT TUNA SANDWICH,"トーキョージュースのジャックフルーツツナサンドイッチ。ヘルシーで栄養満点のサンドイッチ。¥1,500。",フード
STR-0001,麻布台ヒルズマーケット,ACAI BOWL,"トーキョージュースのアサイーボウル。スーパーフードのアサイーを使用した健康的なボウルメニュー。¥1,700。",フード
STR-0001,麻布台ヒルズマーケット,セットメニュー（サンドイッチ＋ワンドリンク）,"ニコライ バーグマン ノムのセットメニュー。サンドイッチとドリンクがセットになったお得なメニュー。¥1,650〜¥1,760。",フード
STR-0001,麻布台ヒルズマーケット,セットメニュー（バナナケーキorキャロットケーキ＋ワンドリンク）,"ニコライ バーグマン ノムのセットメニュー。バナナケーキまたはキャロットケーキとドリンクのセット。¥1,210〜¥1,430。",フード
STR-0001,麻布台ヒルズマーケット,カルダモンロール,ニコライ バーグマン ノムのカルダモンロール。カルダモンの香り豊かな北欧風ペストリー。¥550。,フード
STR-0001,麻布台ヒルズマーケット,たかお海苔天重,"博多天麩羅たかお UMUのたかお海苔天重。海苔を使った特製天丼。¥1,280。",フード
STR-0001,麻布台ヒルズマーケット,肉海苔天重,"博多天麩羅たかお UMUの肉海苔天重。お肉と海苔の天ぷらが楽しめる天丼。¥1,080。",フード
STR-0001,麻布台ヒルズマーケット,野菜海苔天重,博多天麩羅たかお UMUの野菜海苔天重。野菜と海苔の天ぷらを使ったヘルシーな天丼。¥980。,フード
STR-0001,麻布台ヒルズマーケット,ハムカツサンド,"ペリカンカフェのハムカツサンド。サクサクのハムカツを挟んだボリューム満点のサンドイッチ。¥1,350。",フード
STR-0001,麻布台ヒルズマーケット,エビフライサンド,"ペリカンカフェのエビフライサンド。限定販売の人気サンドイッチ。プリプリのエビフライが特徴。¥1,650。",フード
STR-0001,麻布台ヒルズマーケット,フルーツサンド,"ペリカンカフェのフルーツサンド。新鮮なフルーツとクリームの絶妙なハーモニー。¥1,370。",フード
STR-0001,麻布台ヒルズマーケット,アヒ・デ・ガジーナ,"ペルー料理アルドのアヒ・デ・ガジーナ。ペルーの伝統的な鶏肉料理。クリーミーなソースが特徴。¥1,200。",フード
STR-0001,麻布台ヒルズマーケット,ロモサルタード,"ペルー料理アルドのロモサルタード。牛肉と野菜を炒めたペルーの定番料理。¥1,200。",フード
STR-0001,麻布台ヒルズマーケット,パン・コン・チチャロン（サラダつき）,"ペルー料理アルドのパン・コン・チチャロン。揚げた豚肉をパンに挟んだペルーのサンドイッチ。サラダ付き。¥1,200。",フード
STR-0001,麻布台ヒルズマーケット,手作りドーナツ,ミモザ ナチュラルワインスタンドの手作りドーナツ。手作りならではの優しい味わいが楽しめる。各¥280〜。,フード
STR-0001,麻布台ヒルズマーケット,3種のデリセット,"ミモザ ナチュラルワインスタンドの3種のデリセット。3種類のデリが楽しめるバラエティ豊かなセット。¥1,500。",フード
STR-0001,麻布台ヒルズマーケット,焼鳥（黒玉、かしわ、東京山椒焼）,麻布台 鳥しきの焼鳥。黒玉、かしわ、東京山椒焼など本格的な焼鳥が楽しめる。¥390〜。,フード
STR-0001,麻布台ヒルズマーケット,壺たれチキン,麻布台 鳥しきの壺たれチキン。特製の壺たれで味付けされたチキン。100gあたり¥630。,フード
STR-0001,麻布台ヒルズマーケット,やま幸本マグロづくし鮨10貫,"麻布台 やま幸鮮魚店のやま幸本マグロづくし鮨10貫。本マグロを贅沢に使用した限定の鮨セット。¥4,731〜。",フード
STR-0001,麻布台ヒルズマーケット,玄米ロール入り30品目のSalad bento,"アール・エフ・ワンの玄米ロール入り30品目のSalad bento。30品目の食材を使用した栄養バランス抜群のサラダ弁当。¥1,290。",フード
STR-0001,麻布台ヒルズマーケット,鰻ちらし寿司,"鰻 まえはらの鰻ちらし寿司。上質な鰻を使用したちらし寿司。¥1,800。",フード
STR-0001,麻布台ヒルズマーケット,House Blend KYOTO (Hot),オガワコーヒーラボラトリー 麻布台のHouse Blend KYOTO。京都ブレンドのホットコーヒー。¥780。,フード
STR-0001,麻布台ヒルズマーケット,Organic Iced Coffee,オガワコーヒーラボラトリー 麻布台のOrganic Iced Coffee。オーガニックのアイスコーヒー。¥780。,フード
STR-0001,麻布台ヒルズマーケット,おむすび さけ,お米とごはん 隅田屋のおむすび さけ。限定販売のさけおむすび。¥450。,フード
STR-0001,麻布台ヒルズマーケット,お赤飯（200g）,お米とごはん 隅田屋のお赤飯。限定販売の本格的なお赤飯。200g入り。¥800。,フード
STR-0001,麻布台ヒルズマーケット,国産「生」米麺大山鶏フォー,"カム バイ スタンドバインミーの国産「生」米麺大山鶏フォー。国産の生米麺と大山鶏を使用した本格フォー。限定販売。¥1,570。",フード
STR-0001,麻布台ヒルズマーケット,自家製麺で作るサラダ麺「ボブン」,"カム バイ スタンドバインミーの自家製麺で作るサラダ麺「ボブン」。自家製麺を使用したベトナムのサラダ麺。限定販売。¥1,900。",フード
STR-0001,麻布台ヒルズマーケット,焼き餃子,亀戸ぎょうざの焼き餃子。パリッとした皮とジューシーな餡が特徴の人気餃子。¥972。,フード
STR-0001,麻布台ヒルズマーケット,かわりパイ,京都 八百一のかわりパイ。京都の老舗が作る様々な味のパイ。各¥480〜¥600。,フード
STR-0001,麻布台ヒルズマーケット,ECOいちごミルク,京都 八百一のECOいちごミルク。環境に配慮したいちごミルク。¥800。,フード
STR-0001,麻布台ヒルズマーケット,ジャンボンキュイ麻布台（100g）,"クスダ シャルキュトリ メートル アルティザンのジャンボンキュイ麻布台。限定販売の自家製ハム。100gあたり¥1,620。",フード
STR-0001,麻布台ヒルズマーケット,パテドカンパーニュ（100g）,"クスダ シャルキュトリ メートル アルティザンのパテドカンパーニュ。本格的なフランスのパテ。100gあたり¥1,296。",フード
STR-0001,麻布台ヒルズマーケット,ミルクティーブレンド（HOT TEA WITH MILK）,紅茶専門店ティーポンドのミルクティーブレンド。ミルクとの相性抜群のブレンド紅茶。¥594。,フード
STR-0001,麻布台ヒルズマーケット,桜と日本酒,コム・ン トウキョウの桜と日本酒。桜の風味が楽しめる日本酒を使用したパン。¥486〜。,フード
STR-0001,麻布台ヒルズマーケット,生ハムとカマンベール,コム・ン トウキョウの生ハムとカマンベール。生ハムとカマンベールチーズを使用したパン。¥734。,フード
STR-0001,麻布台ヒルズマーケット,おでん各種,塚田水産のおでん各種。限定販売の様々な種類のおでん。¥162〜。,フード
STR-0001,麻布台ヒルズマーケット,ぬか漬け各種,菜香やのぬか漬け各種。伝統的な製法で作られた様々な野菜のぬか漬け。¥238〜。,フード
STR-0001,麻布台ヒルズマーケット,根津松本謹製 海苔弁当,"根津松本 麻布台の根津松本謹製 海苔弁当。こだわりの海苔を使用した高級弁当。¥2,917。",フード
STR-0001,麻布台ヒルズマーケット,ちらし寿司,"根津松本 麻布台のちらし寿司。新鮮な魚介を使用した本格的なちらし寿司。¥3,780〜。",フード
STR-0001,麻布台ヒルズマーケット,パーラー矢澤弁当,"パーラー矢澤のパーラー矢澤弁当。人気店の味が楽しめる特製弁当。¥2,300。",フード
STR-0001,麻布台ヒルズマーケット,肉ミックス3種（メンチ・ヒレ・チキンカツ）,"パーラー矢澤の肉ミックス3種。メンチ、ヒレ、チキンカツの3種類が楽しめるセット。¥1,270。",フード
STR-0001,麻布台ヒルズマーケット,ロースカツ弁当,"日山WAGYUのロースカツ弁当。限定販売のロースカツを使用した弁当。¥1,289。",フード
STR-0001,麻布台ヒルズマーケット,コロッケ、和牛メンチカツ弁当,"日山WAGYUのコロッケ、和牛メンチカツ弁当。限定販売のコロッケと和牛メンチカツが入った弁当。¥1,258。",フード
STR-0001,麻布台ヒルズマーケット,名物 黒酢の酢豚,"富麗華 キッチンの名物 黒酢の酢豚。黒酢を使用した本格的な酢豚。¥1,512。",フード
STR-0001,麻布台ヒルズマーケット,名物 黒炒飯,"富麗華 キッチンの名物 黒炒飯。黒を基調とした特製炒飯。¥1,188。",フード
STR-0001,麻布台ヒルズマーケット,GEALATO（ジェラート）,マッテのジェラート。限定販売の本格イタリアンジェラート。¥720。,フード
STR-0014,洋菓子店クリオロ,フィナンシェ,アーモンドたっぷり！しっとりとした食感を重視した定番のプレーン味。バターの芳醇な香りと口の中でとろけるような食感が自慢です。,フード
STR-0014,洋菓子店クリオロ,フィナンシェ・キャラメル,甘すぎないけど、しっかりキャラメル！生地と合わせたときに最高の味になるように調整した特製キャラメルを使用。しっとり食感が特徴です。,フード
STR-0014,洋菓子店クリオロ,フィナンシェ・アールグレイ,アールグレイの茶葉を食感の邪魔にならないよう細かく刻み、生地にいれて焼き上げました。上品な香りも特徴のしっとり焼き菓子です。,フード
STR-0014,洋菓子店クリオロ,フィナンシェ・ショコラ,しっかりショコラなフィナンシェ！上質なチョコレートをたっぷり使用しています。しっとり食感が自慢です。,フード
STR-0014,洋菓子店クリオロ,ドーム・ポム,シェフ自慢の一品！一口食べればりんごとキャラメルの美味しさがじんわり。やさしいのに複雑な味が魅力の焼き菓子です。,フード
STR-0014,洋菓子店クリオロ,プチ・ショコラ,プチだけどしっかりショコラ！上質なチョコレートをたっぷり使用。フォンダンショコラのようなしっとり食感が自慢です。,フード
STR-0014,洋菓子店クリオロ,ヨーヨーマカロン･ガイア,世界大会優勝ケーキ「ガイア」を再現。中にはほんのり塩味が効いたキャラメル味のチョコクリームを挟みました。,フード
STR-0014,洋菓子店クリオロ,ヨーヨーマカロン･ショコラ,中のクリームには3種のチョコレートをブレンドしたこだわりの味わい。お子様も大人も大満足のマカロンです。,フード
STR-0014,洋菓子店クリオロ,ヨーヨーマカロン･ニルヴァナ,世界大会優勝ケーキ「ニルヴァナ」を再現。上下で味が違う生地の間に、ブラックベリーの香りをうつしたチョコクリームがたっぷり。,フード
STR-0014,洋菓子店クリオロ,ヨーヨーマカロン･抹茶,国産抹茶を贅沢に使った和テイストのヨーヨーマカロン。一口食べれば芳醇な抹茶の香りが豊かに広がります。,フード
STR-0014,洋菓子店クリオロ,ヨーヨーマカロン･フレーズ,ほんのり甘酸っぱい苺を使ったクリームがたっぷり！華やかな味わいのマカロンです。,フード
STR-0014,洋菓子店クリオロ,サブレ・アマンド,ナッツをしっかり感じるアーモンドたっぷりのサブレ。固すぎないサクッと食感が特徴です。,フード
STR-0014,洋菓子店クリオロ,サブレ・ショコラ,自家製のヘーゼルナッツチョコレートペーストをたっぷり練り込んだ生地は、その美味しさとサクサク食感に思わず夢中になります。,フード
STR-0014,洋菓子店クリオロ,サブレ・リュスティック,サクッ＆カリッとした繊細な食感を楽しめるサブレ。食感にこだわるサントスシェフならではの逸品です。,フード
STR-0014,洋菓子店クリオロ,グルテンフリー・クッキー,小麦粉を使用せず、アーモンドや米粉を使ったサブレ。中にはチョコチップとくるみ、ココナッツが入っています。,フード
STR-0014,洋菓子店クリオロ,ガレット･ブルトンヌ･ヴァニーユ,サクサク食感がたまらないフランスの厚焼きサブレ。ゲランド塩と、自家製のバニラシュガーをふんだんに入れました。,フード
STR-0014,洋菓子店クリオロ,フロランタン・トロピカル,マンゴーピューレとパッションフルーツピューレを使用したフロランタンです。トロピカルな味わいが特徴です。,フード
STR-0014,洋菓子店クリオロ,フロランタン・フランボワーズ,鮮やかな赤いフロランタン！フランボワーズがたっぷり入った甘酸っぱいキャラメルに、アーモンドがたっぷり。,フード
STR-0014,洋菓子店クリオロ,グラノーラ・クリスピー,5種のシリアルに2種のナッツ、乾燥クレープにごま、ココナッツがたっぷり入った自然派おやつ。朝食にもオススメです。,フード
STR-0014,洋菓子店クリオロ,ケーク・ショコラ,まるで焼きショコラのような、パウンドケーキとは思えないほど濃厚でリッチな味わいと、しっとりした食感が自慢です。,フード
STR-0014,洋菓子店クリオロ,焼き菓子小箱セット,人気の定番焼き菓子5個入りセット。手土産に、来客の際のお土産用に最適なギフトセットです。,ギフト
STR-0014,洋菓子店クリオロ,焼き菓子中箱セット,焼き菓子10個入りの人気の焼き菓子セット。内祝いの贈り物などに最適です。,ギフト
STR-0014,洋菓子店クリオロ,焼き菓子大箱セット,人気の焼き菓子15個入り。季節のご挨拶に、お礼やお返しに最適なギフトセットです。,ギフト
STR-0014,洋菓子店クリオロ,焼き菓子特大箱セット,人気の焼き菓子20個入り。季節のご挨拶の他、ビジネスシーンにも最適なギフトセットです。,ギフト
STR-0015,ギャラリー&レストラン舞台裏,yet title by 長沢楓,"145.5 × 112 × 3.5 cmのアート作品。限定販売。Group Exhibition「( s̶u̶b̶l̶i̶m̶i̶n̶a̶l̶ ) pre-player」に出展。価格は363,000円。",アート
STR-0015,ギャラリー&レストラン舞台裏,Schillerstraße #6 by 菊池 奈緒,27.5 × 25 × 2.8 cmのアート作品。限定販売。Group Exhibition「( s̶u̶b̶l̶i̶m̶i̶n̶a̶l̶ ) pre-player」に出展。価格はASK。,アート
STR-0015,ギャラリー&レストラン舞台裏,Gas Station by 都築まゆ美,"60.6 × 91 × 2.3 cmのアート作品。限定販売。都築まゆ美 新作個展「Everyday Fantasy」に出展。価格は286,000円。",アート
STR-0015,ギャラリー&レストラン舞台裏,"untitled(like the wind, it passes through) by BIEN","22 × 85 × 3.6 cmのアート作品。限定販売。Group Exhibition「( s̶u̶b̶l̶i̶m̶i̶n̶a̶l̶ ) pre-player」に出展。価格は250,000円。",アート
STR-0015,ギャラリー&レストラン舞台裏,お花の鉢(large) by 門倉太久斗/22世紀ジェダイ,"53 × 41 cmのアート作品。価格は77,000円。",アート
STR-0015,ギャラリー&レストラン舞台裏,Rue Wilson #2 by 菊池 奈緒,17.8 × 25.1 × 3.6 cmのアート作品。限定販売。Group Exhibition「( s̶u̶b̶l̶i̶m̶i̶n̶a̶l̶ ) pre-player」に出展。価格はASK。,アート
STR-0015,ギャラリー&レストラン舞台裏,深月 by 細川成美,"27.3 × 22 cmのアート作品。限定販売。価格は75,000円。",アート
STR-0015,ギャラリー&レストラン舞台裏,小夜 by 細川成美,"27.3 × 22 cmのアート作品。限定販売。価格は75,000円。",アート
STR-0015,ギャラリー&レストラン舞台裏,臼杵グレイ by 藤 堂,54.2 × 19.6 × 14.4 cmのアート作品。価格はASK。,アート
STR-0015,ギャラリー&レストラン舞台裏,もうすぐ海になる(ZINE) by 三井 彩紗 Ayasa Mitsui,"25.7 × 18.2 cmのZINE作品。価格は2,500円。",書籍・文具
STR-0015,ギャラリー&レストラン舞台裏,もうすぐ海になる #7 by 三井 彩紗 Ayasa Mitsui,"26.3 × 42 cmのアート作品。価格は43,000円。",アート
STR-0015,ギャラリー&レストラン舞台裏,もうすぐ海になる #10 by 三井 彩紗 Ayasa Mitsui,"29.7 × 29.7 cmのアート作品。価格は42,000円。",アート
STR-0015,ギャラリー&レストラン舞台裏,もうすぐ海になる #4 by 三井 彩紗 Ayasa Mitsui,"21 × 21 cmのアート作品。価格は28,000円。",アート
STR-0015,ギャラリー&レストラン舞台裏,"8da0b6(Takadono,Gyokusenkan) by 山﨑愛彦","45 × 90 cmのアート作品。価格は207,900円。",アート
STR-0015,ギャラリー&レストラン舞台裏,yet title by 長沢楓,"53 × 53 × 2 cmのアート作品。限定販売。Group Exhibition「( s̶u̶b̶l̶i̶m̶i̶n̶a̶l̶ ) pre-player」に出展。価格は86,900円。",アート
STR-0015,ギャラリー&レストラン舞台裏,o.T.(sonnen-braun) by 菊池 奈緒,13.7 × 26 × 2.3 cmのアート作品。限定販売。Group Exhibition「( s̶u̶b̶l̶i̶m̶i̶n̶a̶l̶ ) pre-player」に出展。価格はASK。,アート
STR-0015,ギャラリー&レストラン舞台裏,Tsuchiyu by 菊池 奈緒,39 × 26.5 × 3.5 cmのアート作品。限定販売。Group Exhibition「( s̶u̶b̶l̶i̶m̶i̶n̶a̶l̶ ) pre-player」に出展。価格はASK。,アート
STR-0015,ギャラリー&レストラン舞台裏,PG Haus by 菊池 奈緒,24.1 × 23.3 × 2.7 cmのアート作品。限定販売。Group Exhibition「( s̶u̶b̶l̶i̶m̶i̶n̶a̶l̶ ) pre-player」に出展。価格はASK。,アート
STR-0015,ギャラリー&レストラン舞台裏,Fortunastraße by 菊池 奈緒,23.2 × 35.5 × 4 cmのアート作品。限定販売。Group Exhibition「( s̶u̶b̶l̶i̶m̶i̶n̶a̶l̶ ) pre-player」に出展。価格はASK。,アート
STR-0015,ギャラリー&レストラン舞台裏,Karlstraße by 菊池 奈緒,17.7 × 26.3 × 2.5 cmのアート作品。限定販売。Group Exhibition「( s̶u̶b̶l̶i̶m̶i̶n̶a̶l̶ ) pre-player」に出展。価格はASK。,アート
STR-0015,ギャラリー&レストラン舞台裏,Am Zirkel #2 by 菊池 奈緒,34.9 × 21.1 × 3.3 cmのアート作品。限定販売。Group Exhibition「( s̶u̶b̶l̶i̶m̶i̶n̶a̶l̶ ) pre-player」に出展。価格はASK。,アート
STR-0015,ギャラリー&レストラン舞台裏,R. de Alexandre Herculano by 菊池 奈緒,32.5 × 20.8 × 2.5 cmのアート作品。限定販売。Group Exhibition「( s̶u̶b̶l̶i̶m̶i̶n̶a̶l̶ ) pre-player」に出展。価格はASK。,アート
STR-0015,ギャラリー&レストラン舞台裏,Kreuz #4 by 菊池 奈緒,26 × 38 × 3.2 cmのアート作品。限定販売。Group Exhibition「( s̶u̶b̶l̶i̶m̶i̶n̶a̶l̶ ) pre-player」に出展。価格はASK。,アート
STR-0015,ギャラリー&レストラン舞台裏,ひまわりと私 by 森村 泰昌,"32 × 28 cmのアート作品。価格はUSD 2,600。",アート
STR-0015,ギャラリー&レストラン舞台裏,PRIG put CDV-001 by SILO3,"17.5 × 19 × 19 cmのアート作品。限定販売。価格は33,000円。",アート
STR-0015,ギャラリー&レストラン舞台裏,万寿の園 - 海がみえそうなカーブ- by 宮永愛子,Glass: H6.6 x W18 x D20.5 cmのアート作品。宮永愛子個展「万寿の園」に出展。価格はASK。,アート
STR-0015,ギャラリー&レストラン舞台裏,もうすぐ海になる #2 by 三井 彩紗 Ayasa Mitsui,"21 × 21 cmのアート作品。価格は28,000円。1 Sticker付き。",アート
STR-0015,ギャラリー&レストラン舞台裏,Untitled by 川内 倫子,120 × 80 cmのアート作品。価格はASK。,アート
STR-0015,ギャラリー&レストラン舞台裏,Untitled1 by 河村康輔,"59.4 × 42 cmのアート作品。限定販売。価格は88,000円。",アート
STR-0015,ギャラリー&レストラン舞台裏,060525 by BIEN,"H10.5×W15 cm(watercolor) , H12×W16.5 cm(colored pencil)のアート作品。限定販売。Group Exhibition「( s̶u̶b̶l̶i̶m̶i̶n̶a̶l̶ ) pre-player」に出展。価格は80,000円。",アート
STR-0015,ギャラリー&レストラン舞台裏,Etude #18 (Fixed Window) by 清水 佳代子 Shimizu Kayoco,"19.8 × 14.8 × 3.2 cmのアート作品。価格は5,500円。",アート
STR-0015,ギャラリー&レストラン舞台裏,monovi 散歩01 by SILO3,"33.3 × 33.3 × 1.6 cmのアート作品。限定販売。価格は36,300円。",アート
STR-0015,ギャラリー&レストラン舞台裏,untitled by MOMO,"23 × 16.5 cmのアート作品。限定販売。価格は46,000円。",アート
STR-0015,ギャラリー&レストラン舞台裏,Transient tsms01-014 by SILO3,"23.7 × 16.8 × 2 cmのアート作品。限定販売。価格は24,200円。",アート
STR-0015,ギャラリー&レストラン舞台裏,"Parabola 03, Precision Gaze by 尹相啓(インソウケイ)","50 × 40 cmのアート作品。価格は80,000円。1 Sticker付き。",アート
STR-0015,ギャラリー&レストラン舞台裏,天空 by SILO3,"41 × 31.8 × 1.9 cmのアート作品。限定販売。価格は52,800円。",アート
STR-0015,ギャラリー&レストラン舞台裏,Plied Colour Lexeme 04 by Tiffany Loy,"24 × 31 × 7 cmのアート作品。価格は414,600円。",アート
STR-0015,ギャラリー&レストラン舞台裏,untitled by MOMO,"130.3 × 162.1 cmのアート作品。価格は889,000円。",アート
STR-0015,ギャラリー&レストラン舞台裏,Etude #17 (Fixed Window) by 清水 佳代子 Shimizu Kayoco,"19.8 × 14.8 × 3.2 cmのアート作品。価格は5,500円。",アート
STR-0017,HARBS,Custard Marron Cake (カスタードマロンケーキ),"ラム酒風味のミックスクリームと栗を層にし、スライスアーモンドをトッピングしたケーキ。1カット930円、ホール9,300円。アルコール度数中程度。",フード
STR-0017,HARBS,N.Y. Cheesecake (ニューヨークチーズケーキ),"クリームチーズとサワークリームをたっぷり使用し、湯煎で焼き上げたチーズケーキ。1カット850円、ホール8,500円。アルコールフリー。",フード
STR-0017,HARBS,Marron Chocolate Cake (マロンチョコレートケーキ),"ラム酒風味のチョコレートクリームと皮付きの大きな栗を組み合わせたケーキ。1カット1,080円、ホール10,800円。アルコール度数中程度。",フード
STR-0017,HARBS,Marron Crepes (マロンクレープ),"薄く焼いた香ばしいクレープ生地に栗と2種類のクリームを層にしたケーキ。1カット1,000円、ホール10,000円。アルコール度数低め。",フード
STR-0017,HARBS,Marron Glaces Cake (マロングラッセケーキ),"刻んだマロングラッセ入りのキャラメルスポンジに、ローストした栗のクリームとラム酒風味を加えた店舗限定ケーキ。1カット1,350円、ホール13,500円。栄本店と麻布台ヒルズ店のみ販売。",フード
STR-0017,HARBS,Waguri Tarte (和栗のタルト),"栗のリキュール入り生クリームと大納言小豆を濃厚なペーストで包んだタルト。1カット1,300円、ホール13,000円。アルコール度数中程度。",フード
STR-0017,HARBS,Marron Pie (マロンパイ),"白ごまパイにカスタードと生クリームをのせ、大きな甘露煮の栗を飾ったケーキ。1カット930円、ホール9,300円。9月25日販売開始。アルコール度数低め。",フード
STR-0017,HARBS,Mille Crepes (ミルクレープ),"薄いクレープを6層重ね、フレッシュフルーツとミックスクリームを挟んだケーキ。1カット1,050円、ホール10,500円。アルコール度数低め。",フード
STR-0017,HARBS,Pear Pie (洋梨のパイ),"サクサクの白ごまパイに洋梨とカスタードクリームをたっぷりのせたケーキ。1カット900円、ホール9,000円。9月24日販売終了。アルコール度数低め。",フード
STR-0017,HARBS,Pear Millefeuille (洋梨のミルフィーユ),"洋梨のコンポートとミックスクリームをふんわりしたシュー生地で挟んだケーキ。1カット980円、ホール9,800円。アルコール度数低め。",フード
STR-0017,HARBS,Fresh Fruits Cake (フレッシュフルーツケーキ),"季節のフルーツをたっぷり使用し、果肉の甘さを引き出すマイルドな甘さのホイップクリームを使ったケーキ。1カット1,150円、ホール11,500円。アルコール度数低め。",フード
STR-0017,HARBS,Tiramisu (ティラミス),"クリーミーなマスカルポーネチーズを使用し、洋酒の豊かな香りと濃厚な味わいが楽しめるティラミス。1カット980円、ホール9,800円。アルコール度数中程度。",フード
STR-0017,HARBS,Chocolate Cake (チョコレートケーキ),"上質なチョコレートスポンジ、クリーム、くるみを層にし、ブランデーの香りをきかせたケーキ。1カット950円、ホール9,500円。アルコール度数中程度。",フード
STR-0017,HARBS,Marron Cake (マロンケーキ),"白いスポンジ、栗とさつまいものクリーム、砕いた栗を層にし、ラム酒の香りをきかせたケーキ。1カット930円、ホール9,300円。アルコール度数中程度。",フード
STR-0018,中村藤吉麻布台,生茶ゼリイ詰合せ［抹茶・ほうじ茶・栗きんとん］,"ほうじ茶ゼリーに栗きんとん餡を添えた期間限定の生茶ゼリイ［栗きんとん］と、生茶ゼリイ［抹茶］、生茶ゼリイ［ほうじ茶］の詰合せ。価格は3,480円。",フード
STR-0018,中村藤吉麻布台,生茶ゼリイ詰合せ［抹茶・栗きんとん］,"生茶ゼリイ［抹茶］と、濃いめに抽出したほうじ茶のゼリーに特製の栗きんとん餡を添えた生茶ゼリイ［栗きんとん］の詰合せ。価格は3,550円。",フード
STR-0018,中村藤吉麻布台,生茶ゼリイ詰合せ［栗きんとん］,"期間限定の生茶ゼリイ［栗きんとん］の詰合せ。ほうじ茶ゼリーに栗きんとん餡を添えた商品。価格は3,760円。",フード
STR-0018,中村藤吉麻布台,生茶ゼリイ［抹茶・栗きんとん］・まるとバウム［抹茶］詰合せ,"ほうじ茶ゼリーに栗きんとん餡を添えた期間限定の生茶ゼリイ［栗きんとん］、生茶ゼリイ［抹茶］、まるとバウム［抹茶］の詰合せ。価格は3,920円。",フード
STR-0018,中村藤吉麻布台,生茶ゼリイ［抹茶・栗きんとん］・［煎茶］藤吉詰合せ,"ほうじ茶ゼリーに栗きんとん餡を添えた期間限定の生茶ゼリイ［栗きんとん］、生茶ゼリイ［抹茶］、［煎茶］藤吉80g缶の詰合せ。価格は5,440円。",フード
STR-0018,中村藤吉麻布台,グリーンティー袋入・マルトベイク2種詰合せ,"グリーンティーとマルトベイク2種類を組み合わせた詰合せ。お茶とお菓子を一緒に楽しめるセット商品。価格は2,610円。",フード
STR-0018,中村藤吉麻布台,マルトベイク2種・キュウブ4種詰合せ,"マルトベイク2種類とキュウブ4種類を組み合わせた詰合せ。多彩な焼き菓子を楽しめるセット。価格は5,708円。",フード
STR-0018,中村藤吉麻布台,マルトベイク4個［抹茶×2・ほうじ茶×2］・キュウブ詰合せ,"抹茶とほうじ茶のマルトベイク各2個とキュウブを組み合わせた詰合せ。2つの味わいを楽しめるセット。価格は2,772円。",フード
STR-0018,中村藤吉麻布台,アイスクリーム［抹茶×4・ほうじ茶×4］・グリーンティー詰合せ,"抹茶とほうじ茶のアイスクリーム各4個とグリーンティーを組み合わせた詰合せ。冷たいデザートとお茶のセット。価格は5,490円。",フード
STR-0018,中村藤吉麻布台,茶Colate［抹茶］・キュウブ詰合せ,"抹茶を使用した茶Colateとキュウブを組み合わせた詰合せ。抹茶の風味を楽しめるチョコレート菓子とのセット。価格は3,898円。",フード
STR-0018,中村藤吉麻布台,うじていら・キュウブ詰合せ,"しっとり滑らかな食感と抹茶の深い味わいが特徴のかすていら「うじていら」とキュウブを組み合わせた詰合せ。価格は3,848円。",フード
STR-0018,中村藤吉麻布台,まるとバウム［ほうじ茶］・マルトベイク詰合せ【A】,"ほうじ茶のまるとバウムとマルトベイクを組み合わせた詰合せ。ほうじ茶の香ばしさを楽しめるセット。価格は3,140円。",フード
STR-0018,中村藤吉麻布台,グリーンティー・マルトベイク［抹茶］詰合せ,"グリーンティーと抹茶のマルトベイクを組み合わせた詰合せ。抹茶の風味を存分に楽しめるセット。価格は3,240円。",フード
STR-0018,中村藤吉麻布台,兎菓子・玉露くき茶ティーバッグ詰合せ,"兎菓子と玉露くき茶のティーバッグを組み合わせた詰合せ。お菓子とお茶を手軽に楽しめるセット。価格は3,870円。",フード
STR-0018,中村藤吉麻布台,グリーンティー・マルトベイク［ほうじ茶］詰合せ,"グリーンティーとほうじ茶のマルトベイクを組み合わせた詰合せ。ほうじ茶の香ばしさを楽しめるセット。価格は3,240円。",フード
STR-0018,中村藤吉麻布台,グリーンティー・マルトベイク詰合せ［抹茶×2・ほうじ茶×2］,"グリーンティーと抹茶・ほうじ茶のマルトベイク各2個を組み合わせた詰合せ。2つの味わいを楽しめるセット。価格は3,240円。",フード
STR-0018,中村藤吉麻布台,生茶ゼリイ・グリーンティー詰合せ,"生茶ゼリイとグリーンティーを組み合わせた詰合せ。みずみずしいゼリーとお茶のセット。価格は4,100円。",フード
STR-0018,中村藤吉麻布台,生茶ゼリイ［抹茶］・中村茶詰合せ,"抹茶の生茶ゼリイと中村茶を組み合わせた詰合せ。抹茶の風味豊かなゼリーと茶葉のセット。価格は5,300円。",フード
STR-0018,中村藤吉麻布台,煎茶『興聖』・焼菓子詰合せ,"煎茶「興聖」と焼菓子を組み合わせた詰合せ。上質な煎茶と焼き菓子の贅沢なセット。価格は7,900円。",フード
STR-0018,中村藤吉麻布台,マルトベイク2種・キュウブ8個詰合せ,"マルトベイク2種類とキュウブ8個を組み合わせた詰合せ。たっぷりの焼き菓子を楽しめるセット。価格は7,376円。",フード
STR-0018,中村藤吉麻布台,中村茶・うじていら詰合せ,"煎茶や玉露など7種の茶葉をブレンドした中村茶80gと、しっとり滑らかな食感と抹茶の深い味わいのうじていらの詰合せ。価格は4,900円。",フード
STR-0018,中村藤吉麻布台,生茶ゼリイ・マルトベイク・煎茶『清風』詰合せ,"生茶ゼリイ、マルトベイク、煎茶「清風」を組み合わせた詰合せ。ゼリー、焼き菓子、お茶の3種を楽しめるセット。価格は4,980円。",フード
STR-0018,中村藤吉麻布台,中村茶・茶フィーユ詰合せ,"中村茶と茶フィーユを組み合わせた詰合せ。オリジナルブレンド茶と焼き菓子のセット。価格は5,380円。",フード
STR-0018,中村藤吉麻布台,くきほうじ茶・うじていら詰合せ,"香ばしい香りとほんのりと甘みのあるくきほうじ茶50gと、しっとり滑らかな食感と抹茶の深い味わいのうじていらの詰合せ。価格は3,196円。",フード
STR-0018,中村藤吉麻布台,かぶせ茶『初緑』・うじていら詰合せ,"ほんのりとした甘みと穏やかな風味が特徴のかぶせ茶「初緑」80gと、しっとり滑らかな食感と抹茶の深い味わいのうじていらの詰合せ。価格は4,180円。",フード
STR-0019,カルトゥージア,テッラミア トラベルキット,テッラミアの香りを旅先でも楽しめるトラベルサイズのキット。持ち運びに便利なサイズで、外出先でもお気に入りの香りを携帯できます。,ビューティー
STR-0019,カルトゥージア,テッラミア リキッドソープ 350ml,テッラミアの香りを楽しめるリキッドソープ。350mlの大容量で、手洗いや全身の洗浄に使用できます。,ビューティー
STR-0019,カルトゥージア,テッラミア バスソープ 125g,テッラミアの香りを纏う固形バスソープ。125gサイズで、豊かな泡立ちと心地よい香りが特徴です。,ビューティー
STR-0019,カルトゥージア,テッラミア ハンド クリーム 75ml,テッラミアの香りが楽しめるハンドクリーム。75mlサイズで、手肌をしっとりと保湿しながら上品な香りを纏います。,ビューティー
STR-0019,カルトゥージア,テッラミア ボディ ウォッシュ 250ml,テッラミアの香りを楽しめるボディウォッシュ。250mlサイズで、全身を優しく洗い上げながら心地よい香りに包まれます。,ビューティー
STR-0019,カルトゥージア,テッラミア ボディ ローション 250ml,テッラミアの香りを纏うボディローション。250mlサイズで、肌に潤いを与えながら上品な香りが持続します。,ビューティー
STR-0019,カルトゥージア,ホームディフューザー アマーレ 680ml,アマーレの香りを空間に広げる大容量ホームディフューザー。680mlサイズで、長時間にわたり豊かな香りを楽しめます。,インテリア
STR-0019,カルトゥージア,ホームディフューザー アマーレ 480ml,アマーレの香りを空間に広げるホームディフューザー。480mlサイズで、お部屋を上品な香りで満たします。,インテリア
STR-0019,カルトゥージア,ホームディフューザー アマーレ 230ml,アマーレの香りを空間に広げるコンパクトサイズのホームディフューザー。230mlで、小さな空間にも最適です。,インテリア
STR-0019,カルトゥージア,アマーレ キャンドル 300g,アマーレの香りを楽しめるキャンドル。300gサイズで、火を灯すと空間を優雅な香りで包み込みます。,インテリア
STR-0019,カルトゥージア,アマーレ ソリッドパフューム,アマーレの香りを持ち運べる固形パフューム。コンパクトで携帯に便利、いつでもどこでも香りを纏えます。,ビューティー
STR-0019,カルトゥージア,メディテラネオ ソリッドパフューム,メディテラネオの香りを持ち運べる固形パフューム。コンパクトで携帯に便利、地中海の爽やかな香りをいつでも楽しめます。,ビューティー
STR-0019,カルトゥージア,フィオーリ ディ カプリ ソリッドパフューム,フィオーリ ディ カプリの香りを持ち運べる固形パフューム。カプリ島の花々の香りをコンパクトなサイズで携帯できます。,ビューティー
STR-0019,カルトゥージア,セラミックボトル イエロー 500ml,500mlルームフレグランス用のセラミック製ボトル。イエローカラーが空間を明るく彩り、インテリアとしても美しいデザインです。,インテリア
STR-0019,カルトゥージア,セラミックボトル イエロー 250ml,250mlルームフレグランス用のセラミック製ボトル。イエローカラーのコンパクトサイズで、小さな空間にも最適です。,インテリア
STR-0019,カルトゥージア,セラミックボトル レッド 500ml,500mlルームフレグランス用のセラミック製ボトル。レッドカラーが空間に華やかさを添え、インテリアとしても存在感があります。,インテリア
STR-0021,ボッテガ・ヴェネタ,ウール カーディガン,"ウール素材を使用したカーディガン。価格は¥339,900（税込）。",ファッション
STR-0021,ボッテガ・ヴェネタ,レザー スカート,"レザー素材のスカート。ブラックカラー。価格は¥500,500（税込）。",ファッション
STR-0021,ボッテガ・ヴェネタ,カンパーナ シーソルト,"シーソルトカラーのカンパーナバッグ。複数カラー展開あり。価格は¥715,000（税込）。",ファッション雑貨
STR-0021,ボッテガ・ヴェネタ,ラージ カンパーナ ダークバローロ,"ダークバローロカラーのラージサイズカンパーナバッグ。価格は¥946,000（税込）。",ファッション雑貨
STR-0021,ボッテガ・ヴェネタ,カンパーナ ブラック,"ブラックカラーのカンパーナバッグ。複数カラー展開あり。価格は¥715,000（税込）。",ファッション雑貨
STR-0021,ボッテガ・ヴェネタ,ラージ カンパーナ ブラック,"ブラックカラーのラージサイズカンパーナバッグ。価格は¥825,000（税込）。",ファッション雑貨
STR-0021,ボッテガ・ヴェネタ,ウール イングリッシュリブ カーディガン ダヴ,"ダヴカラーのウール イングリッシュリブ素材を使用したカーディガン。複数カラー展開あり。価格は¥359,700（税込）。",ファッション
STR-0021,ボッテガ・ヴェネタ,ウール イングリッシュリブ スカート ダヴ,"ダヴカラーのウール イングリッシュリブ素材を使用したスカート。複数カラー展開あり。価格は¥180,400（税込）。",ファッション
STR-0021,ボッテガ・ヴェネタ,ジェームズ アンクルブーツ ブラック,"ブラックカラーのジェームズ アンクルブーツ。複数カラー展開あり。価格は¥275,000（税込）。",ファッション雑貨
STR-0021,ボッテガ・ヴェネタ,ジェームズ アンクルブーツ フォンデンテ,"フォンデンテカラーのジェームズ アンクルブーツ。複数カラー展開あり。価格は¥275,000（税込）。",ファッション雑貨
STR-0021,ボッテガ・ヴェネタ,ジェームズ ブーツ ブラック,"ブラックカラーのジェームズ ブーツ。複数カラー展開あり。価格は¥352,000（税込）。",ファッション雑貨
STR-0021,ボッテガ・ヴェネタ,ジェームズ ブーツ フォンデンテ,"フォンデンテカラーのジェームズ ブーツ。複数カラー展開あり。価格は¥352,000（税込）。",ファッション雑貨
STR-0021,ボッテガ・ヴェネタ,ドッグ チャーム ボルドー,"ボルドーカラーのドッグ チャーム。オンライン限定商品。価格は¥93,500（税込）。",ファッション雑貨
STR-0021,ボッテガ・ヴェネタ,ドッグ チャーム ノクターナル,"ノクターナルカラーのドッグ チャーム。複数カラー展開あり。価格は¥93,500（税込）。",ファッション雑貨
STR-0021,ボッテガ・ヴェネタ,スモール アンディアーモ グラファイト,"グラファイトカラーのスモール アンディアーモバッグ。複数カラー展開あり。価格は¥704,000（税込）。",ファッション雑貨
STR-0021,ボッテガ・ヴェネタ,アンディアーモ マッド,"マッドカラーのアンディアーモバッグ。複数カラー展開あり。価格は¥858,000（税込）。",ファッション雑貨
STR-0021,ボッテガ・ヴェネタ,スモール アンディアーモ チェーン ノクターナル,"ノクターナルカラーのスモール アンディアーモ チェーンバッグ。複数カラー展開あり。価格は¥726,000（税込）。",ファッション雑貨
STR-0021,ボッテガ・ヴェネタ,アンディアーモ ノクターナル,"ノクターナルカラーのアンディアーモバッグ。複数カラー展開あり。価格は¥858,000（税込）。",ファッション雑貨
STR-0021,ボッテガ・ヴェネタ,ホエール ファスナー付きコインパース,"ノクターナル、シーソルト、アイス、シルバーのカラー展開。ファスナー付きコインパース。価格は¥170,500（税込）。再入荷予定。",ファッション雑貨
STR-0021,ボッテガ・ヴェネタ,バニー ファスナー付きコインパース,"スターリング、ローズのカラー展開。ファスナー付きコインパース。価格は¥170,500（税込）。予約注文可能。",ファッション雑貨
STR-0021,ボッテガ・ヴェネタ,レター B チャーム バローロ,"バローロカラーのレター B チャーム。価格は¥69,300（税込）。",ファッション雑貨
STR-0021,ボッテガ・ヴェネタ,レター V チャーム フォンデンテ,"フォンデンテカラーのレター V チャーム。価格は¥69,300（税込）。",ファッション雑貨
STR-0021,ボッテガ・ヴェネタ,アンディアーモ バケット ブラック,"ブラックカラーのアンディアーモ バケットバッグ。複数カラー展開あり。価格は¥808,500（税込）。",ファッション雑貨
STR-0021,ボッテガ・ヴェネタ,アンディアーモ バケット フォンデンテ,"フォンデンテカラーのアンディアーモ バケットバッグ。複数カラー展開あり。価格は¥808,500（税込）。",ファッション雑貨
